#ID	Name
G1	decoy5
G2	SACOL2524
G3	SAV1564
G4	SAV0535
G5	SAV1561
G6	SAV2354
G7	SAV0108
G8	SAV1305
G9	SAV1934
G10	SACOL0074
G11	SAV2520
G12	SAV2042
G13	decoy4
G14	SAV0044
G15	SAV0697
G16	SAV2508
G17	SAV2064
G18	SAV2499
G19	SAV2665
G20	SAV0264
G21	SAV1051
G22	SAV0476
G23	SAV0672
G24	decoy6
G25	decoy2
G26	SAV2297
G27	SAV2332
G28	SAV1402
G29	SAV1255
G30	SAV0616
G31	decoy3
G32	SAV2704
G33	SAV2697
G34	SAV0542
G35	SAV0698
G36	SAV2295
G37	SAV2267
G38	SAV1506
G39	SAV2571
G40	SAV2542
G41	SAV0522
G42	SAV1277
G43	SAV0112
G44	SAV0997
G45	SAV0667
G46	SAV0543
G47	SAV1686
G48	SAV2363
G49	SAV0333
G50	SAV0686
G51	SAV0135
G52	SAV1357
G53	decoy1
G54	SAV0634
G55	SAV2224
G56	SAV2145
G57	SAV1217
G58	SAV1861
G59	SAV0471
G60	SAV0311
G61	SAV1736
G62	decoy9
G63	SAV1520
G64	SAV0668
G65	SAV1508
G66	SAV0518
G67	SAV2357
G68	SAV2593
G69	SAV0244
G70	SAV2201
G71	SAV2578
G72	SAV0533
G73	SAV1554
G74	SAV0767
G75	SAV2265
G76	decoy8
G77	SAV1764
G78	SAV2157
G79	SAV2375
G80	SAV1083
G81	SAV2498
G82	SAV2381
G83	SAV1210
G84	SAV0976
G85	SAV1582
G86	SACOL0072
G87	SAV2312
G88	SAV1610
G89	SAV2631
G90	SAV1498
G91	SAV2046
G92	SAV1309
G93	SAV2507
G94	decoy7
G95	SAV0271
G96	SAV2628
G97	SAV1228
G98	SAV2553
G99	SAV0332
G100	SAV2639
G101	decoy59
G102	SACOL0035
G103	SACOL1574
G104	SAV1021
G105	SAV1847
G106	SAV1039
G107	SAV1557
G108	SAV0843
G109	SAV0768
G110	SAV0713
G111	SAV2041
G112	SAV2193
G113	SA1796
G114	SAV1684
G115	SAV0162
G116	SAV1303
G117	SAV0562
G118	SAV1843
G119	SAV1760
G120	SAV1306
G121	SAV2317
G122	SAV1160
G123	SAV1841
G124	SAV1585
G125	SAV2572
G126	SAV2324
G127	SAV1212
G128	SAV0618
G129	SAV0661
G130	SACOL2677
G131	SAV1415
G132	SAV1479
G133	SACOL1858
G134	SAV2073
G135	SAV0059
G136	SAV2374
G137	SAV2109
G138	SAV0465
G139	SACOL1472
G140	SACOL2305
G141	SAV1114
G142	SAV0483
G143	SAV0846
G144	SAV1236
G145	SAV0219
G146	SAV1442
G147	SAV0960
G148	SAV0181
G149	SACOL2142
G150	SAV0410
G151	SAV2051
G152	SAV0654
G153	SAV1417
G154	SAV0850
G155	SAV1722
G156	SAV1441
G157	SACOL1345
G158	SAV0499
G159	SAV1558
G160	SAV1096
G161	SAV0879
G162	SAV1925
G163	SAV0991
G164	SAV0439
G165	SAV1485
G166	SAV2074
G167	SAV1875
G168	SAV0847
G169	SAV1363
G170	SAV1293
G171	SAV1830
G172	SAV0580
G173	SAV1752
G174	SAV1542
G175	SAV2087
G176	SAV1642
G177	SAV0403
G178	SAV2188
G179	SAV1685
G180	SACOL1576
G181	SAV0699
G182	SAV2278
G183	SAV0424
G184	SAV2068
G185	SAV1075
G186	SAV1817
G187	SAV0373
G188	SAV1735
G189	SAV0165
G190	SAV0092
G191	SAV2176
G192	SAV1862
G193	SAV0792
G194	decoy80
G195	SAV0050
G196	SAV0452
G197	SAV1660
G198	SAV1716
G199	SAV0983
G200	SAV1066
G201	SAV1214
G202	SAV1858
G203	SAV2595
G204	SAV0949
G205	SAV0857
G206	SAV1648
G207	SAV0171
G208	SAV0685
G209	SAV0523
G210	SAV2107
G211	SAV0604
G212	SAV0746
G213	SAV0155
G214	SAV1898
G215	decoy97
G216	SAV0729
G217	SAV1813
G218	SACOL2205
G219	SAV1555
G220	SAV0366
G221	SAV0575
G222	SAV2345
G223	SAV0899
G224	SAV0952
G225	SAV2256
G226	SAV0161
G227	SAV1230
G228	SAV0280
G229	SAV0211
G230	SAV0935
G231	SAV0507
G232	SAV1175
G233	SAV0291
G234	SAV1952
G235	decoy40
G236	SAV1191
G237	SAV2232
G238	SAV2227
G239	SAV1281
G240	SAV1224
G241	SA0193
G242	SAV0673
G243	SACOL0024
G244	SAV0749
G245	SAV2373
G246	SACOL2728
G247	SAV1604
G248	SACOL0362
G249	SAV0126
G250	SAV2242
G251	SAV1899
G252	SAV0957
G253	SAV2336
G254	SAV1800
G255	SAV2451
G256	SAV0922
G257	SACOL2201
G258	SAV1076
G259	SAV2421
G260	SAV0421
G261	SAV0923
G262	SAV0200
G263	SAV1724
G264	SAV2165
G265	SAV0941
G266	SAV0794
G267	SACOL2492
G268	SAV1583
G269	decoy63
G270	SACOL0046
G271	SAV1119
G272	SAV0521
G273	SAV2539
G274	SACOL2025
G275	SAV1009
G276	SAV1527
G277	SAV2668
G278	SAV0466
G279	SAV1611
G280	SAV1387
G281	SAV1986
G282	decoy70
G283	SAV0343
G284	SAV1132
G285	SAV0089
G286	SAV2246
G287	SAV1624
G288	SAV2055
G289	SAV2530
G290	SAV1356
G291	SAV1667
G292	SAV1870
G293	SAV0369
G294	SAV1574
G295	SAV1691
G296	SAV0469
G297	SAV2706
G298	decoy19
G299	SAV0537
G300	SAV0285
G301	SAV1563
G302	SAV2479
G303	SAV0160
G304	SAV0423
G305	SAV2473
G306	SAV2213
G307	SAV2221
G308	SAV1049
G309	SAV2206
G310	SACOL0886
G311	SAV2059
G312	SAV1502
G313	SA1576
G314	SAV0602
G315	SAV0943
G316	SAV0739
G317	SAV1339
G318	SAV1615
G319	SAV0284
G320	SAV1025
G321	SACOL1871
G322	SAV2420
G323	SAV1495
G324	SACOL1043
G325	SAV2075
G326	SAV1634
G327	SAV0966
G328	SAV0720
G329	SACOL0343
G330	SAV2492
G331	SAV0658
G332	SACOL0332
G333	SAV1863
G334	SAV0799
G335	SAV0962
G336	SAV1253
G337	SAV1696
G338	SAV2030
G339	SAV0446
G340	SAV1882
G341	SACOL0049
G342	SAV1712
G343	SAV2388
G344	SAV2028
G345	SAV0854
G346	SAV0368
G347	SAV0456
G348	SACOL1875
G349	SAV0912
G350	SAV0769
G351	SAV0724
G352	SAV1962
G353	SACOL0919
G354	SAV0953
G355	SAV0061
G356	SAV2210
G357	SAV0802
G358	SAV1698
G359	SAV1327
G360	SAV2561
G361	SAV1137
G362	SAV2565
G363	SAV2556
G364	SAV1300
G365	SAV1203
G366	SAV0927
G367	SAV0932
G368	SAV0998
G369	SAV2658
G370	SAV2515
G371	SAV2714
G372	SAV0197
G373	SAV0822
G374	SAV0532
G375	SAV0235
G376	SAV1549
G377	SAV0065
G378	SAV0508
G379	SAV1523
G380	SAV1396
G381	SAV1950
G382	SAV2563
G383	SAV0468
G384	SAV2685
G385	SAV2612
G386	SAV2677
G387	SAV1762
G388	SAV2140
G389	SAV1750
G390	SAV1589
G391	SAV1744
G392	SAV1397
G393	SAV2081
G394	SAV1539
G395	SAV0426
G396	SAV1086
G397	SAV1851
G398	SAV0031
G399	SAV2296
G400	SAV0222
G401	SAV2672
G402	decoy61
G403	SAV2025
G404	SAV1522
G405	SAV2606
G406	SAV2387
G407	SACOL1872
G408	SAV1124
G409	SAV1566
G410	SAV0757
G411	SAV1134
G412	SAV1109
G413	SAV2111
G414	SAV1444
G415	SAV2615
G416	SAV1826
G417	SAV1270
G418	SAV2551
G419	SAV1275
G420	SAV0170
G421	SAV0828
G422	SAV2154
G423	SAV0896
G424	SAV2340
G425	SAV1689
G426	SAV0556
G427	SAV1370
G428	SAV2035
G429	SAV0936
G430	SAV0842
G431	SAV0791
G432	SAV1626
G433	SAV1723
G434	SAV0487
G435	SAV1045
G436	SAV1369
G437	SAV1897
G438	SAV1056
G439	SAV1865
G440	decoy51
G441	SACOL2485
G442	SAV1896
G443	SAV2680
G444	SAV1449
G445	SAV1797
G446	SACOL1586
G447	SAV0320
G448	SAV0841
G449	SAV1085
G450	SAV0350
G451	SAV0795
G452	SAV2307
G453	SAV1061
G454	SAV0970
G455	SAV2613
G456	SAV0903
G457	decoy88
G458	SAV0233
G459	SAV0645
G460	SAV1504
G461	SAV2652
G462	SAV2490
G463	SAV2299
G464	SAV2581
G465	SAV0785
G466	SACOL1851
G467	SACOL1585
G468	SAV2463
G469	decoy69
G470	SAV2290
G471	SAV1097
G472	SAV2625
G473	SAV2449
G474	decoy122
G475	SAV1969
G476	SAV0120
G477	SAV0738
G478	SAV1595
G479	SAV1148
G480	SAV1453
G481	SAV2536
G482	SAV0361
G483	SAV1377
G484	SAV1443
G485	SAV1856
G486	SAV0453
G487	SAV0479
G488	SAV1350
G489	SAV0425
G490	SAV1474
G491	SAV1889
G492	SAV0203
G493	SAV0176
G494	SAV0249
G495	SAV2601
G496	SA1577
G497	SAV0641
G498	SAV0754
G499	SAV2516
G500	SAV1180
G501	SAV0583
G502	SAV2663
G503	SAV1258
G504	SAV1011
G505	SAV1709
G506	SAV0747
G507	SAV2450
G508	SACOL1186
G509	SAV1824
G510	SAV1845
G511	SAV0434
G512	SAV0985
G513	SAV1268
G514	SAV2167
G515	SAV1445
G516	SAV0880
G517	SAV0660
G518	SAV1126
G519	SAV0114
G520	SAV0541
G521	SAV0042
G522	SAV0695
G523	SAV2293
G524	SACOL1999
G525	SACOL0353
G526	SAV1427
G527	SAV0145
G528	SAV0345
G529	SAV2545
G530	SAV0330
G531	SAV1280
G532	SAV2669
G533	decoy30
G534	SAV2225
G535	SAV1105
G536	SAV0357
G537	SACOL0367
G538	SAV1321
G539	SAV0599
G540	SACOL0054
G541	SAV2077
G542	SAV0702
G543	SAV0990
G544	SAV0262
G545	SAV2135
G546	SAV1821
G547	SAV1005
G548	SAV0555
G549	SAV0103
G550	SAV0557
G551	SAV2550
G552	SAV0267
G553	SAV0217
G554	SAV2150
G555	SACOL0319
G556	SAV1138
G557	SAV0844
G558	SAV2052
G559	SAV1796
G560	SAV1346
G561	SAV1178
G562	SAV1020
G563	decoy29
G564	decoy98
G565	SAV1854
G566	SAV2534
G567	SAV1569
G568	decoy77
G569	SAV0593
G570	SAV0006
G571	SAV2159
G572	SAV1727
G573	SAV1368
G574	SAV2549
G575	SAV1043
G576	SAV2282
G577	SAV1248
G578	SAV0318
G579	SAV2417
G580	SAV0304
G581	SAV1282
G582	SAV2491
G583	SAV1959
G584	SAV2671
G585	SAV0189
G586	decoy73
G587	SAV0306
G588	SAV2517
G589	SAV0255
G590	SAV0035
G591	SAV1332
G592	SAV0904
G593	SAV0406
G594	SAV1241
G595	SAV0911
G596	SACOL0042
G597	SAV2527
G598	SAV0621
G599	SAV2274
G600	SAV2696
G601	SAV0001
G602	SAV0073
G603	SAV1855
G604	SAV1512
G605	SAV0029
G606	SAV2152
G607	SAV2212
G608	SAV0663
G609	SAV0477
G610	SAV2682
G611	SAV1202
G612	SAV0552
G613	SAV1884
G614	SAV0185
G615	decoy20
G616	decoy116
G617	SAV1669
G618	SAV1024
G619	decoy47
G620	SAV0502
G621	SAV2522
G622	SAV0567
G623	SAV0435
G624	SAV0598
G625	SAV1031
G626	SACOL1042
G627	SAV1315
G628	SAV1924
G629	SAV1022
G630	SAV0154
G631	SAV0789
G632	SACOL0887
G633	SAV0576
G634	SAV1088
G635	SAV0796
G636	SAV0209
G637	SAV1095
G638	SAV2638
G639	SAV1133
G640	SAV0858
G641	SACOL0857
G642	SAV2099
G643	SAV1783
G644	SAV0511
G645	decoy100
G646	SAV1891
G647	decoy25
G648	SAV0881
G649	SAV0647
G650	SAV2447
G651	SAV0892
G652	SAV1981
G653	SAV1016
G654	SACOL2649
G655	SAV1789
G656	decoy85
G657	decoy31
G658	SAV2344
G659	SAV2306
G660	SAV2291
G661	SAV2650
G662	SAV0671
G663	SAV1678
G664	SAV0296
G665	SAV0648
G666	SAV2558
G667	SAV1003
G668	SAV1333
G669	SACOL0043
G670	SAV0450
G671	SAV1927
G672	SAV1706
G673	SAV0924
G674	SAV1818
G675	SAV0501
G676	SAV0921
G677	SAV1250
G678	SAV1968
G679	SAV0067
G680	SAV1384
G681	SAV2259
G682	SAV1000
G683	SAV1618
G684	SAV0656
G685	SAV2411
G686	SAV1511
G687	SAV0287
G688	SAV0178
G689	SAV0933
G690	SAV0624
G691	SAV1613
G692	SAV2429
G693	SAV0561
G694	SACOL2007
G695	SACOL0383
G696	SAV0638
G697	SAV0182
G698	SAV1677
G699	SAV2382
G700	SAV0095
G701	SAV0674
G702	SAV1208
G703	SAV0407
G704	SAV0125
G705	SAV1973
G706	SAV1836
G707	SACOL2204
G708	SAV0157
G709	SAV0462
G710	SAV0009
G711	SAV2412
G712	SAV1977
G713	SAV0919
G714	SAV1957
G715	SAV2033
G716	SAV0965
G717	SAV0238
G718	SAV1839
G719	SAV0473
G720	SAV0053
G721	SAV0492
G722	SAV2618
G723	SAV1249
G724	SAV0914
G725	SAV0679
G726	decoy41
G727	SAV0569
G728	SAV0975
G729	decoy96
G730	SACOL0368
G731	SAV0967
G732	SAV2660
G733	SAV0579
G734	SAV1123
G735	SAV0677
G736	SAV1193
G737	SAV0316
G738	SAV1758
G739	SAV0715
G740	SAV0817
G741	SAV0417
G742	SAV2457
G743	SAV1391
G744	decoy49
G745	SAV0269
G746	SAV1118
G747	SAV1254
G748	SAV1994
G749	SAV2603
G750	SAV1674
G751	SAV2294
G752	SAV0416
G753	SA1804
G754	SAV0830
G755	SACOL0051
G756	SAV1164
G757	SAV2543
G758	SAV1098
G759	SAV0005
G760	SAV0474
G761	SAV2311
G762	SAV1999
G763	SAV0610
G764	decoy78
G765	SACOL1372
G766	SAV0467
G767	SAV2518
G768	SAV0319
G769	SAV2679
G770	SAV0721
G771	SAV1430
G772	SAV0790
G773	SAV0122
G774	SAV0955
G775	SAV2428
G776	SAV1837
G777	SAV0755
G778	SAV2088
G779	SAV0826
G780	SAV1509
G781	SAV1278
G782	SAV2554
G783	SAV2702
G784	SAV1063
G785	SAV2331
G786	SAV1143
G787	SACOL1873
G788	SAV1719
G789	SAV0744
G790	SAV1197
G791	SAV0980
G792	SAV0765
G793	SACOL2023
G794	SACOL1575
G795	SAV0224
G796	SAV1360
G797	SAV0752
G798	SAV0325
G799	SAV2261
G800	SACOL1983
G801	SAV1936
G802	SAV1297
G803	SAV0710
G804	SAV0810
G805	SAV1331
G806	decoy74
G807	SAV1559
G808	SAV1939
G809	SAV1638
G810	SAV1113
G811	SAV2537
G812	SACOL0908
G813	SAV2419
G814	SACOL1878
G815	SAV0143
G816	SAV1831
G817	SAV0516
G818	SAV1608
G819	SAV0263
G820	SAV1902
G821	SAV0086
G822	SAV2183
G823	SAV0544
G824	SAV2163
G825	SAV0942
G826	SAV0690
G827	SAV0228
G828	SAV0220
G829	SAV1838
G830	SACOL0066
G831	SAV0884
G832	SACOL0907
G833	SAV0801
G834	SAV1274
G835	SAV1700
G836	SACOL0381
G837	SAV0723
G838	SAV0945
G839	SAV0040
G840	SAV1158
G841	SAV1878
G842	SAV0239
G843	SAV2664
G844	SAV2514
G845	SACOL2191
G846	SAV2339
G847	SAV2686
G848	decoy81
G849	SAV0290
G850	SAV2466
G851	SAV2127
G852	SAV1547
G853	SAV0577
G854	SAV0392
G855	SAV2153
G856	SAV2573
G857	SAV1168
G858	SAV2034
G859	SACOL0347
G860	SAV1960
G861	SAV1733
G862	SAV1242
G863	SAV0071
G864	SAV0776
G865	SAV2687
G866	SACOL0890
G867	SAV0246
G868	SAV0442
G869	SAV1213
G870	SAV2559
G871	SAV1628
G872	SAV1842
G873	SAV1221
G874	SAV0659
G875	SAV0431
G876	SAV2440
G877	SAV1185
G878	SAV2272
G879	SAV0565
G880	SAV2071
G881	SAV2385
G882	SA0385
G883	SAV0380
G884	SAV2086
G885	SAV1673
G886	SACOL1865
G887	decoy75
G888	SACOL1577
G889	SACOL0355
G890	SACOL0372
G891	SAV2173
G892	SAV2634
G893	SAV0549
G894	SAV1347
G895	SAV1040
G896	SAV2164
G897	SAV2260
G898	SAV1743
G899	SAV0546
G900	SAV0342
G901	SAV2085
G902	SAV1535
G903	SAV0438
G904	SAV2039
G905	SAV2497
G906	SACOL1890
G907	SAV1298
G908	SAV1401
G909	SAV0402
G910	SAV1033
G911	SAV1215
G912	SAV1488
G913	SAV2347
G914	SAV1751
G915	SAV0818
G916	SAV2097
G917	SAV2266
G918	SAV1183
G919	SAV0174
G920	SAV0026
G921	SAV0133
G922	decoy92
G923	SAV0498
G924	SAV1606
G925	SAV1010
G926	SAV2001
G927	SAV1614
G928	SAV0600
G929	SACOL1874
G930	SAV1335
G931	SAV0158
G932	SAV1942
G933	SAV2350
G934	SAV1176
G935	SACOL0728
G936	SACOL2497
G937	SAV1353
G938	SAV0694
G939	SAV1612
G940	decoy66
G941	SAV2021
G942	SAV2095
G943	SAV2180
G944	SACOL1332
G945	SAV0243
G946	SACOL0322
G947	SAV2486
G948	SAV1428
G949	SAV0888
G950	SAV2168
G951	SAV2304
G952	SAV2314
G953	SACOL0287
G954	SAV2460
G955	SAV2280
G956	SAV0865
G957	SAV1620
G958	SAV0329
G959	SAV0837
G960	SAV1829
G961	SACOL0346
G962	SAV2468
G963	SAV2082
G964	SAV1365
G965	SAV0831
G966	SACOL0846
G967	SAV1019
G968	decoy82
G969	SAV1670
G970	SAV2675
G971	SAV1289
G972	SAV2044
G973	SAV2445
G974	SAV0278
G975	SAV2169
G976	SACOL1910
G977	SAV0636
G978	SACOL0384
G979	SAV1013
G980	SAV1997
G981	SAV1026
G982	SAV1267
G983	decoy32
G984	SAV0413
G985	SACOL1972
G986	SAV0496
G987	SAV2430
G988	SAV2531
G989	SAV1804
G990	SAV1405
G991	SAV1930
G992	SAV0605
G993	SAV2226
G994	SAV2228
G995	SAV2288
G996	SA0423
G997	SAV1998
G998	SAV1811
G999	SAV1173
G1000	SAV2453
G1001	SAV0365
G1002	SAV0708
G1003	SAV1382
G1004	SAV1607
G1005	SAV1420
G1006	SAV0505
G1007	SAV0205
G1008	SAV0992
G1009	SAV2454
G1010	SAV0651
G1011	SAV0226
G1012	SAV2008
G1013	SAV2605
G1014	SAV2370
G1015	SAV1587
G1016	SAV0276
G1017	SACOL0379
G1018	SAV1974
G1019	SAV0207
G1020	SACOL0340
G1021	SAV2184
G1022	SAV0004
G1023	SAV1081
G1024	SAV0091
G1025	SAV0572
G1026	SAV0855
G1027	SAV0326
G1028	SAV1122
G1029	SAV0517
G1030	SAV0925
G1031	decoy128
G1032	SACOL0853
G1033	SAV0759
G1034	SACOL1339
G1035	SAV2209
G1036	SAV1579
G1037	SAV0907
G1038	SAV1312
G1039	SAV0597
G1040	SAV0418
G1041	SAV1932
G1042	SAV1778
G1043	SAV0422
G1044	SACOL0696
G1045	SAV0524
G1046	SAV0346
G1047	SAV1404
G1048	SAV2562
G1049	SAV1921
G1050	SAV0586
G1051	SAV2509
G1052	SAV1710
G1053	SAV2608
G1054	SAV2258
G1055	SACOL2727
G1056	SAV0620
G1057	SAV0909
G1058	SAV1643
G1059	SAV0464
G1060	SAV2502
G1061	SACOL0052
G1062	SAV2500
G1063	SAV0860
G1064	SAV0039
G1065	SAV1361
G1066	SAV1128
G1067	SAV0513
G1068	decoy62
G1069	SACOL0479
G1070	SAV0153
G1071	SAV0408
G1072	SAV1454
G1073	SAV0463
G1074	SAV0774
G1075	SAV0566
G1076	SAV0763
G1077	decoy118
G1078	SAV0117
G1079	SAV1087
G1080	decoy10
G1081	SAV1451
G1082	decoy94
G1083	SACOL0377
G1084	SAV2439
G1085	SAV0020
G1086	SAV2458
G1087	SAV1664
G1088	SAV2583
G1089	SAV0825
G1090	SAV0242
G1091	SAV0852
G1092	SAV2136
G1093	SAV0845
G1094	SAV0164
G1095	SACOL0373
G1096	SAV1848
G1097	SA1805
G1098	SAV1145
G1099	SACOL0482
G1100	SAV0055
G1101	SAV1251
G1102	SAV2414
G1103	SAV0007
G1104	SACOL1854
G1105	SAV1239
G1106	decoy95
G1107	SAV1993
G1108	SAV0587
G1109	SAV0087
G1110	SAV1571
G1111	SAV0559
G1112	SAV2689
G1113	SAV1400
G1114	SA1797
G1115	SAV0149
G1116	SACOL0652
G1117	SAV1639
G1118	SAV0398
G1119	SAV0190
G1120	SAV0292
G1121	SAV1285
G1122	SAV2409
G1123	SAV1748
G1124	SAV2040
G1125	SAV2177
G1126	SAV2158
G1127	SAV2674
G1128	SAV1714
G1129	SAV0623
G1130	SAV0809
G1131	SAV2255
G1132	SAV1462
G1133	decoy52
G1134	SAV0414
G1135	SACOL1584
G1136	SAV0728
G1137	SAV0848
G1138	SAV2003
G1139	SACOL0109
G1140	SACOL2203
G1141	SAV2327
G1142	SAV0869
G1143	SAV1763
G1144	SAV2503
G1145	SAV1650
G1146	SAV1715
G1147	SAV2305
G1148	SAV1359
G1149	SACOL2486
G1150	SA0325
G1151	SAV2614
G1152	SAV0355
G1153	decoy48
G1154	SAV2579
G1155	SAV0573
G1156	SAV2441
G1157	SAV2063
G1158	SAV2488
G1159	SAV1116
G1160	decoy13
G1161	SAV1928
G1162	SAV1877
G1163	SAV2701
G1164	SAV1330
G1165	SA1761
G1166	SACOL0341
G1167	SAV2546
G1168	SAV1853
G1169	SA1783
G1170	SAV1503
G1171	SAV1914
G1172	SAV0931
G1173	decoy18
G1174	SAV2217
G1175	SACOL0412
G1176	SAV0371
G1177	SAV1586
G1178	SAV2329
G1179	SAV0234
G1180	SAV2000
G1181	SAV2132
G1182	SAV0163
G1183	SAV2205
G1184	SAV1746
G1185	SAV2709
G1186	SAV1226
G1187	SAV1980
G1188	SAV1046
G1189	SAV0025
G1190	SAV0969
G1191	SAV2496
G1192	SAV1301
G1193	SAV0872
G1194	SAV0411
G1195	SAV2597
G1196	SAV2117
G1197	SAV0823
G1198	SAV0640
G1199	SAV1487
G1200	SAV0626
G1201	SAV2626
G1202	SAV0956
G1203	SAV2341
G1204	SAV1635
G1205	SAV2590
G1206	SAV1961
G1207	SACOL0380
G1208	SAV1596
G1209	SAV1269
G1210	SACOL0486
G1211	SAV0653
G1212	SAV0115
G1213	SAV2045
G1214	SAV2202
G1215	SAV0918
G1216	SAV2026
G1217	SAV1272
G1218	decoy120
G1219	SAV0506
G1220	SAV2684
G1221	SAV0545
G1222	SAV0832
G1223	SAV0548
G1224	SACOL0080
G1225	SAV0337
G1226	SAV0110
G1227	SAV0748
G1228	SACOL1876
G1229	SAV2036
G1230	SAV0124
G1231	SAV2031
G1232	SACOL1533
G1233	SAV0140
G1234	SAV2222
G1235	SAV2713
G1236	SACOL0885
G1237	SAV2335
G1238	SAV2402
G1239	SAV1622
G1240	SAV0705
G1241	SAV1963
G1242	SAV0963
G1243	SAV1967
G1244	SAV2050
G1245	SAV1578
G1246	SAV0798
G1247	SAV1344
G1248	SACOL0331
G1249	SAV0527
G1250	SAV0489
G1251	SAV2283
G1252	SAV1450
G1253	SAV1060
G1254	SAV0381
G1255	SAV1271
G1256	SAV1721
G1257	SAV0281
G1258	SAV0811
G1259	SAV1759
G1260	SAV1708
G1261	SAV1093
G1262	SAV0283
G1263	SAV1291
G1264	SACOL1347
G1265	SAV0275
G1266	SAV0389
G1267	SAV1393
G1268	SAV0917
G1269	SAV0192
G1270	SAV0063
G1271	SAV0940
G1272	SAV1619
G1273	SAV0887
G1274	SAV2446
G1275	SAV0514
G1276	SAV2146
G1277	SAV1693
G1278	SAV1725
G1279	SAV0384
G1280	decoy114
G1281	SAV2519
G1282	SAV1017
G1283	SAV1806
G1284	SAV1336
G1285	SAV1908
G1286	SAV1245
G1287	SAV0321
G1288	SAV0404
G1289	SAV0733
G1290	SAV0986
G1291	SAV2330
G1292	SAV0360
G1293	SACOL0289
G1294	SAV0429
G1295	SAV0851
G1296	SAV0519
G1297	SAV1953
G1298	SAV1284
G1299	SAV0443
G1300	SAV0594
G1301	SAV2072
G1302	SAV1621
G1303	SAV1730
G1304	SAV1146
G1305	SAV2302
G1306	SAV0750
G1307	SAV1577
G1308	decoy133
G1309	SACOL2433
G1310	SAV0266
G1311	SAV1681
G1312	SAV1601
G1313	SAV0711
G1314	SAV1166
G1315	SAV0764
G1316	SAV1159
G1317	SAV1742
G1318	SAV1103
G1319	SAV2057
G1320	SAV1473
G1321	SAV0338
G1322	SAV2142
G1323	SAV0179
G1324	decoy12
G1325	SAV0387
G1326	SACOL0897
G1327	SAV1840
G1328	SAV2526
G1329	SAV2138
G1330	SAV1510
G1331	SAV2700
G1332	SAV1341
G1333	decoy58
G1334	SAV1832
G1335	SAV1491
G1336	SACOL0911
G1337	SAV1351
G1338	SAV0592
G1339	SAV2694
G1340	SAV0916
G1341	decoy113
G1342	SAV1617
G1343	SAV0349
G1344	SAV1192
G1345	SAV2544
G1346	SAV1740
G1347	SAV2133
G1348	SACOL2429
G1349	SAV0248
G1350	SAV2089
G1351	SAV1080
G1352	SAV0646
G1353	SAV1452
G1354	SAV1243
G1355	SAV1646
G1356	SAV1147
G1357	SAV0334
G1358	SAV2094
G1359	SAV1598
G1360	SAV2707
G1361	SAV1374
G1362	SAV2487
G1363	SAV2365
G1364	SAV0240
G1365	SAV2377
G1366	SAV1922
G1367	SAV0743
G1368	SAV2535
G1369	SAV1240
G1370	SAV2602
G1371	SAV1637
G1372	SAV2452
G1373	SAV0531
G1374	SACOL0132
G1375	SAV2009
G1376	SAV0113
G1377	SAV0347
G1378	SAV1480
G1379	SAV0213
G1380	SAV2253
G1381	SAV1482
G1382	SAV1483
G1383	SAV0596
G1384	SAV1476
G1385	SAV0480
G1386	SAV0771
G1387	SAV2611
G1388	SAV1775
G1389	SAV0782
G1390	SAV2079
G1391	SACOL2014
G1392	SAV1812
G1393	SAV0441
G1394	SAV0558
G1395	SAV0614
G1396	SAV0590
G1397	SAV1412
G1398	SAV0401
G1399	SAV1869
G1400	SAV2577
G1401	SAV2160
G1402	SAV0862
G1403	SAV2437
G1404	SAV2415
G1405	SAV0138
G1406	SAV0742
G1407	SAV1871
G1408	SAV0206
G1409	SAV2485
G1410	SAV1938
G1411	SACOL0281
G1412	SAV0100
G1413	SAV1323
G1414	SAV2223
G1415	SAV2308
G1416	SAV2060
G1417	SAV0529
G1418	SAV0440
G1419	SAV0908
G1420	SAV1809
G1421	SAV0867
G1422	SAV1286
G1423	SAV2349
G1424	SAV0974
G1425	SAV2320
G1426	SAV2391
G1427	SAV0260
G1428	SACOL0223
G1429	SAV1623
G1430	SAV1890
G1431	SAV0323
G1432	SACOL1707
G1433	SAV2691
G1434	SAV2316
G1435	SAV0024
G1436	SAV0081
G1437	SAV1090
G1438	SAV0104
G1439	SAV1372
G1440	SAV1429
G1441	SAV1302
G1442	SAV0808
G1443	SAV0617
G1444	SAV2647
G1445	SAV0058
G1446	SAV2229
G1447	SAV0172
G1448	SAV1894
G1449	SAV1288
G1450	SAV0447
G1451	SAV2007
G1452	SAV1515
G1453	SAV1196
G1454	SAV0297
G1455	decoy72
G1456	SACOL2568
G1457	SAV2182
G1458	SAV1594
G1459	SAV0142
G1460	SAV0714
G1461	SAV2699
G1462	SAV2465
G1463	SAV1310
G1464	SAV2657
G1465	SAV2462
G1466	SAV0390
G1467	SAV0582
G1468	SAV2681
G1469	SAV0727
G1470	decoy39
G1471	SA1802
G1472	SAV0102
G1473	SAV0891
G1474	SAV1737
G1475	SAV1666
G1476	SAV1852
G1477	SAV0444
G1478	SAV1246
G1479	decoy123
G1480	decoy60
G1481	SAV0503
G1482	SAV2174
G1483	SAV1713
G1484	SAV0293
G1485	SAV1820
G1486	SAV1179
G1487	SAV2555
G1488	SAV0488
G1489	decoy111
G1490	SACOL1824
G1491	SAV0633
G1492	SAV2250
G1493	SACOL0356
G1494	SA0214
G1495	SAV1910
G1496	SACOL0645
G1497	SAV0493
G1498	SAV1014
G1499	SAV2245
G1500	SAV2599
G1501	SAV2494
G1502	SAV1630
G1503	SAV1879
G1504	SAV2392
G1505	SAV0150
G1506	SAV1516
G1507	SAV1455
G1508	decoy99
G1509	SAV0950
G1510	SAV2122
G1511	SAV2181
G1512	SAV2431
G1513	SACOL2631
G1514	SAV1465
G1515	SAV2406
G1516	SAV0227
G1517	SACOL0889
G1518	SAV2493
G1519	SAV0261
G1520	SAV0929
G1521	SAV1012
G1522	SAV0876
G1523	SAV0959
G1524	SAV2560
G1525	SACOL0644
G1526	SA1800
G1527	SACOL1156
G1528	SAV0016
G1529	SAV1023
G1530	SACOL0318
G1531	SAV0460
G1532	SAV0730
G1533	SAV0649
G1534	SAV0745
G1535	SAV1392
G1536	SAV0251
G1537	SAV2653
G1538	SAV1092
G1539	SAV1807
G1540	SACOL2024
G1541	SAV0701
G1542	SAV2032
G1543	SAV2649
G1544	SAV0214
G1545	SAV0038
G1546	SAV2586
G1547	SAV0218
G1548	SAV1501
G1549	decoy130
G1550	SAV0643
G1551	SAV0074
G1552	SACOL0468
G1553	SAV2655
G1554	SAV0308
G1555	SAV1592
G1556	SAV2020
G1557	SAV2360
G1558	SAV0247
G1559	SAV1705
G1560	SAV0405
G1561	SACOL1340
G1562	SACOL2481
G1563	SAV0910
G1564	SACOL2499
G1565	SAV0642
G1566	SAV2566
G1567	SAV2511
G1568	SAV2185
G1569	SAV0987
G1570	SAV0386
G1571	SAV0676
G1572	SAV0553
G1573	decoy28
G1574	SAV0201
G1575	decoy112
G1576	SAV0689
G1577	SAV0664
G1578	SAV0137
G1579	SAV2659
G1580	SAV1058
G1581	SAV1209
G1582	SACOL0376
G1583	SAV1380
G1584	SAV2683
G1585	SAV2538
G1586	SAV1911
G1587	SAV2693
G1588	SAV1234
G1589	SAV0951
G1590	SAV1036
G1591	SAV1261
G1592	SAV2104
G1593	SAV0118
G1594	SAV0680
G1595	SAV0773
G1596	SAV0252
G1597	SAV1220
G1598	SAV1543
G1599	SACOL0182
G1600	SAV0849
G1601	SAV1965
G1602	SAV2301
G1603	SAV0193
G1604	SAV1680
G1605	SAV0175
G1606	SAV0761
G1607	SAV0741
G1608	SAV0878
G1609	SAV2476
G1610	SAV0834
G1611	SAV1949
G1612	SAV2410
G1613	SACOL1578
G1614	SAV0383
G1615	SAV0335
G1616	SAV2325
G1617	SAV0188
G1618	SAV2444
G1619	SAV1343
G1620	SACOL0642
G1621	SAV1958
G1622	SAV0691
G1623	SAV2510
G1624	decoy45
G1625	SAV0064
G1626	SAV1955
G1627	decoy17
G1628	SACOL0386
G1629	SAV1194
G1630	SAV0354
G1631	SAV1881
G1632	SAV2384
G1633	SACOL0375
G1634	SAV1500
G1635	SAV0399
G1636	SAV0885
G1637	SAV2124
G1638	decoy101
G1639	SAV1329
G1640	SAV2285
G1641	SAV1130
G1642	SAV2400
G1643	SAV1799
G1644	SAV1996
G1645	SAV1319
G1646	SAV1779
G1647	SAV2474
G1648	decoy104
G1649	SAV1206
G1650	SAV2359
G1651	SACOL0888
G1652	SAV0085
G1653	SAV1828
G1654	SAV0731
G1655	SAV2231
G1656	SAV1457
G1657	SAV1181
G1658	SAV0783
G1659	SAV2328
G1660	SAV1755
G1661	SAV0760
G1662	SAV0512
G1663	SAV2276
G1664	SAV1749
G1665	SAV1690
G1666	SAV0363
G1667	SAV0195
G1668	SACOL0441
G1669	SAV1909
G1670	SAV0436
G1671	SAV1798
G1672	SAV0946
G1673	SAV0770
G1674	SAV0300
G1675	SAV2591
G1676	SAV0394
G1677	SACOL0335
G1678	SAV2692
G1679	SAV0988
G1680	SAV0954
G1681	SAV2619
G1682	SAV0168
G1683	SAV0780
G1684	SAV1294
G1685	SAV1888
G1686	SACOL2523
G1687	SACOL0651
G1688	SAV1144
G1689	SAV1419
G1690	SAV0793
G1691	SAV1072
G1692	SAV2120
G1693	SAV1771
G1694	SAV0250
G1695	SAV1575
G1696	SAV2084
G1697	SAV2067
G1698	SAV2495
G1699	SAV1567
G1700	SAV0034
G1701	SAV2361
G1702	SAV0470
G1703	SAV1034
G1704	SAV1704
G1705	SAV0315
G1706	SAV2469
G1707	decoy107
G1708	SAV1227
G1709	SAV2323
G1710	SAV2069
G1711	SAV2552
G1712	SAV0253
G1713	SAV2688
G1714	SAV2061
G1715	SAV0156
G1716	decoy129
G1717	decoy11
G1718	SAV0863
G1719	SAV0303
G1720	SAV1317
G1721	SACOL0646
G1722	SAV1849
G1723	SAV2270
G1724	SAV0317
G1725	SACOL1581
G1726	decoy105
G1727	SAV1028
G1728	SA1809
G1729	SAV0353
G1730	SAV0023
G1731	SAV2348
G1732	SAV1517
G1733	SAV0835
G1734	SAV1371
G1735	SAV0958
G1736	SAV0259
G1737	SAV1050
G1738	SAV0385
G1739	SAV0669
G1740	SAV1692
G1741	SAV1409
G1742	SAV2448
G1743	SAV1352
G1744	decoy26
G1745	SAV1904
G1746	SAV2389
G1747	SAV2483
G1748	SAV0072
G1749	SAV0840
G1750	SAV2712
G1751	SAV1112
G1752	SAV1314
G1753	SAV1819
G1754	SACOL2172
G1755	SACOL0352
G1756	SAV0052
G1757	SAV0719
G1758	SAV1125
G1759	SAV1035
G1760	SACOL1582
G1761	SAV0241
G1762	SAV2408
G1763	SAV0173
G1764	SAV0717
G1765	SAV0873
G1766	SAV0454
G1767	SAV0377
G1768	SAV0400
G1769	SAV2093
G1770	SAV2269
G1771	SAV0415
G1772	SAV1037
G1773	SAV1912
G1774	SAV1580
G1775	SAV0735
G1776	SAV1552
G1777	SAV0984
G1778	SAV1260
G1779	SACOL0650
G1780	SAV2333
G1781	SAV1431
G1782	SAV2489
G1783	SAV1793
G1784	SAV2610
G1785	SAV0237
G1786	decoy102
G1787	SAV1975
G1788	SAV2529
G1789	SAV0008
G1790	SACOL0041
G1791	SACOL0357
G1792	SAV0093
G1793	SAV1679
G1794	SAV2321
G1795	SAV1703
G1796	SAV1846
G1797	SAV0534
G1798	SAV1104
G1799	SAV1283
G1800	SACOL0082
G1801	SAV0011
G1802	SAV0718
G1803	SAV0076
G1804	decoy68
G1805	SACOL0268
G1806	SAV0629
G1807	SAV0090
G1808	SAV2592
G1809	SACOL0134
G1810	SAV0564
G1811	SAV2187
G1812	decoy64
G1813	SACOL0366
G1814	SAV1761
G1815	SAV1466
G1816	SACOL1379
G1817	SAV2596
G1818	SAV0427
G1819	SAV0700
G1820	SACOL0363
G1821	SAV2401
G1822	SACOL2331
G1823	SAV0619
G1824	SACOL0323
G1825	SAV1403
G1826	SAV1411
G1827	SAV0982
G1828	SAV0282
G1829	SAV1171
G1830	SAV2118
G1831	SAV2525
G1832	SAV2010
G1833	SAV2037
G1834	SAV0632
G1835	SAV0684
G1836	SAV1067
G1837	SAV1647
G1838	SAV0964
G1839	SAV1328
G1840	SAV1816
G1841	SAV1805
G1842	SAV1367
G1843	SAV1948
G1844	SAV0177
G1845	SAV2484
G1846	decoy86
G1847	SAV0022
G1848	SAV0015
G1849	decoy126
G1850	SAV0186
G1851	SAV0258
G1852	SACOL2372
G1853	SAV1424
G1854	SAV2238
G1855	SAV0331
G1856	SAV0751
G1857	SAV1324
G1858	decoy16
G1859	SAV1892
G1860	SAV2114
G1861	SAV1769
G1862	SAV0979
G1863	SAV1756
G1864	SAV1694
G1865	SAV2289
G1866	SAV1440
G1867	SAV0459
G1868	SAV0981
G1869	SAV0236
G1870	SAV0348
G1871	SAV2054
G1872	SACOL2543
G1873	SAV0961
G1874	SAV2141
G1875	SAV1395
G1876	SACOL1165
G1877	SAV0595
G1878	SAV2423
G1879	SACOL0349
G1880	SAV2254
G1881	SAV1201
G1882	decoy43
G1883	SAV1835
G1884	SAV0939
G1885	decoy33
G1886	SAV1687
G1887	SAV0584
G1888	SAV2394
G1889	SAV0191
G1890	SAV2425
G1891	SAV0196
G1892	SAV1603
G1893	SAV2594
G1894	SAV0166
G1895	SAV1106
G1896	SAV1636
G1897	SAV1668
G1898	SAV2277
G1899	SAV0993
G1900	SAV1225
G1901	SAV2676
G1902	SAV0662
G1903	SAV2196
G1904	decoy131
G1905	SAV0101
G1906	SAV1529
G1907	SAV2427
G1908	SAV1354
G1909	SAV0056
G1910	SAV1553
G1911	SACOL0050
G1912	SAV1273
G1913	SAV1434
G1914	SAV0132
G1915	SAV1834
G1916	SAV1378
G1917	SAV1044
G1918	SAV1573
G1919	SAV1264
G1920	SAV0202
G1921	SAV1055
G1922	SAV0678
G1923	SAV1048
G1924	SAV0069
G1925	SAV1726
G1926	SAV1244
G1927	SAV0581
G1928	SAV0021
G1929	SAV2204
G1930	SA1806
G1931	SAV0504
G1932	SAV0606
G1933	SAV2172
G1934	SAV1825
G1935	SACOL1853
G1936	SAV0083
G1937	SAV0286
G1938	decoy14
G1939	SAV1992
G1940	SAV2698
G1941	SAV1389
G1942	SAV1425
G1943	SAV2178
G1944	SACOL2247
G1945	SAV0062
G1946	SAV0231
G1947	decoy34
G1948	SAV1446
G1949	SAV0412
G1950	SAV1795
G1951	SAV1326
G1952	SAV2424
G1953	SAV1408
G1954	SAV1765
G1955	SAV2673
G1956	SAV2194
G1957	decoy108
G1958	SAV0256
G1959	SAV1073
G1960	SAV0601
G1961	SAV1470
G1962	SAV0726
G1963	SAV0314
G1964	SACOL0354
G1965	SAV1662
G1966	SAV1913
G1967	SAV0358
G1968	SACOL0374
G1969	SAV0551
G1970	SAV1867
G1971	SAV2621
G1972	SAV1537
G1973	SA0062
G1974	SAV2620
G1975	SAV1084
G1976	SAV1219
G1977	SAV1528
G1978	SAV2580
G1979	SACOL1877
G1980	SAV0378
G1981	SAV0978
G1982	SAV0328
G1983	SAV1581
G1984	SAV2171
G1985	SAV1753
G1986	decoy24
G1987	SAV2651
G1988	SACOL0653
G1989	SAV2557
G1990	SAV0146
G1991	SAV1688
G1992	SAV1252
G1993	SAV1876
G1994	decoy57
G1995	SACOL0025
G1996	SAV2397
G1997	SAV2635
G1998	SAV0478
G1999	SAV2438
G2000	SAV2338
G2001	decoy23
G2002	SACOL1046
G2003	SAV1531
G2004	SAV0688
G2005	SAV2144
G2006	SAV1099
G2007	SAV1966
G2008	SAV1478
G2009	SAV2219
G2010	SAV1776
G2011	SAV1199
G2012	SAV1290
G2013	SAV1174
G2014	SACOL1346
G2015	SAV2645
G2016	SACOL1579
G2017	SAV0589
G2018	SAV1591
G2019	SAV1791
G2020	SAV0554
G2021	SAV2112
G2022	SAV1652
G2023	SAV1057
G2024	SACOL1342
G2025	SAV1342
G2026	decoy53
G2027	SAV2481
G2028	SACOL0036
G2029	SAV0139
G2030	SAV0900
G2031	SAV1920
G2032	SAV1541
G2033	SAV2203
G2034	SAV1167
G2035	SAV1568
G2036	decoy46
G2037	SAV0736
G2038	SAV0183
G2039	SACOL1861
G2040	SAV1038
G2041	SAV1177
G2042	SAV1068
G2043	SAV2273
G2044	SAV2126
G2045	SAV1505
G2046	SAV1398
G2047	SACOL1859
G2048	SA1755
G2049	SAV0049
G2050	SAV1895
G2051	SAV0740
G2052	SAV2262
G2053	SAV1625
G2054	SAV1448
G2055	SAV0777
G2056	SAV0652
G2057	SAV0526
G2058	SAV2239
G2059	SAV1770
G2060	SAV0229
G2061	SAV0509
G2062	SAV2372
G2063	SAV1318
G2064	decoy84
G2065	SAV1887
G2066	decoy103
G2067	SAV1663
G2068	SAV2090
G2069	SAV2432
G2070	SAV0180
G2071	SAV2179
G2072	SAV0901
G2073	SAV2313
G2074	SAV1340
G2075	SAV0722
G2076	SAV2589
G2077	SAV0340
G2078	SAV1182
G2079	SACOL0040
G2080	SACOL2141
G2081	SAV0756
G2082	SAV1101
G2083	SAV0585
G2084	SAV2641
G2085	SAV0814
G2086	SAV1917
G2087	SAV2637
G2088	SAV1170
G2089	SAV0725
G2090	SAV2186
G2091	SAV1676
G2092	SAV1494
G2093	SAV1334
G2094	SAV0491
G2095	SAV0866
G2096	SAV2433
G2097	SAV0013
G2098	SAV1169
G2099	SAV1702
G2100	decoy83
G2101	SAV0530
G2102	SAV1139
G2103	SACOL2496
G2104	SAV1616
G2105	SAV0571
G2106	SAV0148
G2107	SAV1059
G2108	SACOL0388
G2109	SAV0666
G2110	SAV1292
G2111	SAV2569
G2112	SAV2471
G2113	SAV0167
G2114	SAV2319
G2115	SAV0787
G2116	SAV1627
G2117	SAV1070
G2118	SAV1532
G2119	SAV1161
G2120	SAV0797
G2121	decoy89
G2122	SAV1822
G2123	SAV0807
G2124	SAV0994
G2125	SACOL1583
G2126	SACOL0333
G2127	SAV0804
G2128	SAV2220
G2129	SAV1102
G2130	SAV2070
G2131	SAV2078
G2132	SAV1127
G2133	SAV1864
G2134	SAV2654
G2135	SAV2480
G2136	SAV2442
G2137	SAV1754
G2138	SAV2353
G2139	SAV2364
G2140	SAV2678
G2141	SAV2211
G2142	SAV1954
G2143	SAV0088
G2144	SAV2303
G2145	SAV0490
G2146	SAV1266
G2147	SAV0457
G2148	SAV1794
G2149	SAV2116
G2150	SAV2464
G2151	SAV1801
G2152	SAV0591
G2153	SAV1257
G2154	SAV0372
G2155	SAV2162
G2156	SAV2342
G2157	decoy42
G2158	SAV1018
G2159	SAV1493
G2160	SAV1256
G2161	SAV0455
G2162	SAV1074
G2163	SAV2584
G2164	SAV1868
G2165	SAV0628
G2166	SAV2101
G2167	SAV2547
G2168	SAV0324
G2169	SAV1091
G2170	SAV2208
G2171	SAV1782
G2172	SAV1767
G2173	SAV1386
G2174	SAV1094
G2175	SAV2588
G2176	SAV2528
G2177	SAV1649
G2178	SACOL1170
G2179	SAV0703
G2180	SAV0010
G2181	SAV1325
G2182	SACOL1870
G2183	SAV1906
G2184	SAV1544
G2185	SAV0379
G2186	SAV0737
G2187	SAV0359
G2188	SAV2656
G2189	SAV0627
G2190	SACOL1532
G2191	SACOL0378
G2192	SACOL1882
G2193	SAV1631
G2194	SAV0948
G2195	SAV0437
G2196	SAV1572
G2197	SAV2582
G2198	SAV1738
G2199	SAV2236
G2200	SAV1931
G2201	SAV2166
G2202	SACOL1529
G2203	SAV0824
G2204	SAV1379
G2205	SAV0151
G2206	SAV0687
G2207	SAV2632
G2208	SAV0245
G2209	SAV0612
G2210	SAV1597
G2211	SAV0057
G2212	SAV1562
G2213	SAV1790
G2214	SAV2058
G2215	SAV1919
G2216	SAV0208
G2217	SAV0225
G2218	SAV2170
G2219	SAV0839
G2220	SAV1570
G2221	SAV2404
G2222	SACOL0382
G2223	SAV0078
G2224	SAV1940
G2225	SAV0913
G2226	SAV1548
G2227	SAV0322
G2228	SAV0364
G2229	SAV0094
G2230	SAV1728
G2231	SAV1823
G2232	SAV1701
G2233	SAV0692
G2234	SACOL0269
G2235	SAV1364
G2236	SAV1414
G2237	SAV1373
G2238	SAV1533
G2239	SAV1259
G2240	SAV1739
G2241	SAV2711
G2242	SAV1135
G2243	SAV1593
G2244	SAV0613
G2245	decoy27
G2246	SAV1463
G2247	SAV2623
G2248	SACOL1580
G2249	SACOL0328
G2250	SAV1322
G2251	SACOL2454
G2252	SAV2643
G2253	SAV2426
G2254	SAV1675
G2255	SAV0448
G2256	SAV2435
G2257	SAV0635
G2258	SAV0608
G2259	SAV0819
G2260	SAV1320
G2261	SAV1111
G2262	SAV0528
G2263	SAV0568
G2264	SA1808
G2265	SAV1338
G2266	SAV0481
G2267	SAV1777
G2268	SAV0510
G2269	SAV2105
G2270	SAV0277
G2271	SAV2627
G2272	SAV1964
G2273	SACOL0181
G2274	SAV2617
G2275	SAV1747
G2276	SAV1983
G2277	SAV0274
G2278	SAV2022
G2279	SAV0947
G2280	SAV1918
G2281	SAV0696
G2282	SAV1030
G2283	SAV2108
G2284	decoy117
G2285	SAV2436
G2286	SAV2249
G2287	SACOL0471
G2288	SAV2065
G2289	SAV1287
G2290	SAV0111
G2291	SAV1784
G2292	SAV1437
G2293	SAV2083
G2294	SAV1489
G2295	SAV2662
G2296	SAV1459
G2297	SAV2346
G2298	SAV1313
G2299	SAV2541
G2300	SAV2629
G2301	decoy56
G2302	SAV1496
G2303	SACOL0654
G2304	SAV1435
G2305	SACOL0365
G2306	SAV0212
G2307	SAV0681
G2308	SAV1915
G2309	SACOL0070
G2310	SAV2309
G2311	SAV0018
G2312	SAV1683
G2313	SAV2407
G2314	SAV0570
G2315	SAV0762
G2316	SAV1499
G2317	decoy50
G2318	SACOL2695
G2319	decoy109
G2320	SAV2622
G2321	SAV1008
G2322	SAV1052
G2323	SAV0002
G2324	SAV2398
G2325	SAV2548
G2326	decoy67
G2327	SAV2633
G2328	SAV0159
G2329	SAV2467
G2330	SAV1029
G2331	SACOL1573
G2332	SAV1732
G2333	SAV2600
G2334	decoy65
G2335	SAV1461
G2336	SACOL1953
G2337	SAV0070
G2338	SAV1540
G2339	SAV2337
G2340	SAV1233
G2341	SAV2216
G2342	SAV1633
G2343	SAV2048
G2344	SACOL1187
G2345	SAV0270
G2346	SAV2271
G2347	SAV1004
G2348	SACOL0371
G2349	SAV1157
G2350	SAV1518
G2351	SAV2585
G2352	SAV2690
G2353	SAV1001
G2354	SAV0650
G2355	decoy76
G2356	SACOL0389
G2357	SAV1129
G2358	SAV0310
G2359	SAV0395
G2360	SAV1545
G2361	SAV0382
G2362	SAV1632
G2363	SAV0800
G2364	SACOL0647
G2365	SAV1163
G2366	SAV0295
G2367	SAV0772
G2368	SAV0485
G2369	SAV0820
G2370	SAV0588
G2371	SAV1661
G2372	SAV2371
G2373	SAV1671
G2374	SAV0046
G2375	SAV2369
G2376	SAV2292
G2377	SACOL0327
G2378	SAV0930
G2379	SAV1576
G2380	SAV1229
G2381	SAV0254
G2382	SAV1711
G2383	SAV1394
G2384	SAV0116
G2385	SAV2243
G2386	SAV1247
G2387	SAV0458
G2388	SAV0905
G2389	SAV2248
G2390	SAV0054
G2391	SAV1859
G2392	SAV1456
G2393	SAV1802
G2394	decoy132
G2395	SAV0609
G2396	SACOL2190
G2397	SAV2279
G2398	SAV2244
G2399	SACOL0183
G2400	SAV0210
G2401	SAV1232
G2402	SAV0257
G2403	SAV1027
G2404	SAV0607
G2405	decoy36
G2406	SAV0859
G2407	SAV0563
G2408	SAV0890
G2409	SAV2275
G2410	SAV2666
G2411	SAV2189
G2412	SAV2110
G2413	SAV0734
G2414	SAV1204
G2415	SAV2587
G2416	SAV1140
G2417	SAV2470
G2418	SAV2524
G2419	SAV0495
G2420	SAV0995
G2421	SAV0045
G2422	SAV0312
G2423	SAV0525
G2424	SAV1944
G2425	SAV1471
G2426	SAV0475
G2427	SAV1946
G2428	SAV1916
G2429	SAV1071
G2430	SAV0265
G2431	SAV0289
G2432	SAV2523
G2433	SAV2624
G2434	SAV1131
G2435	SAV1718
G2436	SAV0420
G2437	SAV1536
G2438	SAV0376
G2439	SAV2106
G2440	SAV2318
G2441	SAV2284
G2442	SAV0999
G2443	decoy124
G2444	SAV1006
G2445	SAV0075
G2446	SAV1866
G2447	SAV1780
G2448	SAV0184
G2449	SAV0655
G2450	SAV1781
G2451	SAV1590
G2452	SAV1772
G2453	SAV2477
G2454	SAV2005
G2455	SACOL0329
G2456	SAV0019
G2457	SAV0428
G2458	SAV2418
G2459	SAV2567
G2460	SAV1534
G2461	SAV1184
G2462	SAV0938
G2463	SAV2504
G2464	SAV0815
G2465	SACOL0350
G2466	SAV1464
G2467	SAV2156
G2468	SACOL0039
G2469	SAV2598
G2470	SAV1833
G2471	SACOL0767
G2472	SAV2393
G2473	SAV2207
G2474	SAV0515
G2475	SAV1602
G2476	SAV0273
G2477	SAV1850
G2478	SAV1497
G2479	SAV0080
G2480	SAV2576
G2481	SAV0812
G2482	SAV0611
G2483	SAV0657
G2484	SAV0351
G2485	SAV2533
G2486	SAV1077
G2487	decoy119
G2488	SAV0352
G2489	decoy125
G2490	SAV1741
G2491	SAV1989
G2492	SAV1042
G2493	SAV2334
G2494	SAV2532
G2495	SACOL0047
G2496	SAV1982
G2497	SAV0130
G2498	SAV0198
G2499	SACOL0073
G2500	SAV1766
G2501	SAV1308
G2502	SAV0014
G2503	SAV0836
G2504	SAV0215
G2505	SAV0615
G2506	SAV0838
G2507	SAV2004
G2508	SAV0886
G2509	SAV0134
G2510	decoy127
G2511	SAV0307
G2512	SAV0968
G2513	SAV0539
G2514	SAV0786
G2515	SAV2604
G2516	SAV0131
G2517	SAV1519
G2518	SAV2091
G2519	SAV0704
G2520	SAV1100
G2521	SAV2092
G2522	SAV1492
G2523	SAV2268
G2524	SAV1550
G2525	SAV2197
G2526	SAV2575
G2527	decoy35
G2528	SAV1015
G2529	decoy79
G2530	SAV2237
G2531	SACOL0044
G2532	SAV0339
G2533	SAV2199
G2534	SAV1117
G2535	SAV1513
G2536	SAV2367
G2537	SAV0540
G2538	SAV0520
G2539	SAV0732
G2540	SAV0017
G2541	SACOL0364
G2542	SAV1418
G2543	SAV0047
G2544	SAV2310
G2545	SACOL0406
G2546	SACOL1528
G2547	SAV2281
G2548	SAV1565
G2549	SAV0084
G2550	SAV2322
G2551	SAV0625
G2552	SAV0147
G2553	SAV2416
G2554	SAV0041
G2555	SAV2023
G2556	SAV2192
G2557	SAV0144
G2558	SAV0716
G2559	SAV0309
G2560	SAV2521
G2561	SACOL0286
G2562	SAV0928
G2563	SAV2506
G2564	SAV1355
G2565	SAV1745
G2566	SAV0370
G2567	SAV1588
G2568	SACOL2559
G2569	SAV1641
G2570	SAV2234
G2571	SAV1189
G2572	SAV1065
G2573	SAV2570
G2574	SACOL0850
G2575	SACOL0174
G2576	SAV0977
G2577	SAV2252
G2578	SAV1774
G2579	SAV1047
G2580	SACOL1556
G2581	SACOL0487
G2582	SAV2147
G2583	decoy110
G2584	SAV2096
G2585	SAV1110
G2586	decoy93
G2587	SACOL1855
G2588	SAV1935
G2589	SAV0753
G2590	SAV0693
G2591	SAV1672
G2592	SAV1697
G2593	SAV1385
G2594	SAV1136
G2595	SAV0683
G2596	SAV1187
G2597	SAV2403
G2598	SAV0123
G2599	SAV2646
G2600	SAV1985
G2601	SAV1041
G2602	SAV2011
G2603	SAV2648
G2604	SACOL1331
G2605	SACOL0321
G2606	SAV0631
G2607	SAV2459
G2608	SAV1956
G2609	SAV1348
G2610	SAV0367
G2611	SAV1951
G2612	SAV1695
G2613	SAV0864
G2614	SAV0313
G2615	SAV2076
G2616	SAV1279
G2617	SAV1560
G2618	SAV0829
G2619	SAV1556
G2620	SAV1069
G2621	SAV2478
G2622	SAV1525
G2623	decoy38
G2624	SACOL0339
G2625	SAV0637
G2626	SAV2396
G2627	SAV1844
G2628	SAV1108
G2629	decoy87
G2630	SAV1089
G2631	SAV1345
G2632	SAV0060
G2633	SAV0989
G2634	SAV1507
G2635	SAV1121
G2636	SAV0996
G2637	SAV0472
G2638	SAV1481
G2639	SAV0538
G2640	SAV0766
G2641	SAV1337
G2642	SAV1295
G2643	SAV2642
G2644	SAV1433
G2645	SAV2609
G2646	SAV1399
G2647	SAV0482
G2648	SAV2143
G2649	SAV1599
G2650	SAV2482
G2651	SAV1827
G2652	SAV1149
G2653	SAV1307
G2654	SACOL0209
G2655	SAV0107
G2656	SAV1054
G2657	SACOL0071
G2658	SAV0833
G2659	SAV0391
G2660	SAV1521
G2661	SAV1729
G2662	SAV0937
G2663	SAV0497
G2664	decoy115
G2665	SAV0775
G2666	SAV0675
G2667	SAV0152
G2668	SAV2053
G2669	SAV0216
G2670	SAV2368
G2671	SAV2006
G2672	SAV1605
G2673	decoy21
G2674	SAV1665
G2675	SAV0012
G2676	SAV2215
G2677	SAV2326
G2678	SAV0920
G2679	SAV0305
G2680	SACOL0087
G2681	SAV2512
G2682	decoy91
G2683	SAV1062
G2684	SAV2200
G2685	SAV0232
G2686	SAV0433
G2687	SAV2362
G2688	SAV1526
G2689	decoy71
G2690	decoy22
G2691	SACOL1857
G2692	SAV1276
G2693	SAV0136
G2694	decoy44
G2695	SAV0374
G2696	SAV0494
G2697	SAV2505
G2698	SACOL0045
G2699	decoy121
G2700	SAV2195
G2701	SAV2029
G2702	SAV2038
G2703	SAV1458
G2704	SAV0230
G2705	SAV1707
G2706	SACOL0478
G2707	SAV0560
G2708	SAV2456
G2709	SAV2564
G2710	SAV2422
G2711	SAV0897
G2712	SAV1142
G2713	SA1799
G2714	SAV1991
G2715	SAV1880
G2716	decoy54
G2717	SAV2405
G2718	SAV2352
G2719	SACOL0385
G2720	SAV0778
G2721	SAV2175
G2722	decoy90
G2723	SAV0944
G2724	SAV0388
G2725	SAV1979
G2726	SAV0784
G2727	SAV0889
G2728	SAV0119
G2729	SAV0868
G2730	SAV1484
G2731	SAV1788
G2732	SA1803
G2733	SACOL2640
G2734	SAV0121
G2735	SAV1933
G2736	SAV1941
G2737	SAV0779
G2738	SAV0028
G2739	SACOL0370
G2740	SAV1926
G2741	SAV1883
G2742	SAV0758
G2743	SAV2710
G2744	SAV2356
G2745	SAV0972
G2746	SAV2513
G2747	SAV1358
G2748	SAV0547
G2749	SACOL0342
G2750	SAV2355
G2751	SAV1381
G2752	SAV2695
G2753	SAV0934
G2754	SAV0344
G2755	SAV1803
G2756	SAV2540
G2757	SAV2616
G2758	SAV0906
G2759	SAV2062
G2760	SAV0187
G2761	SACOL0892
G2762	SAV1600
G2763	SAV0813
G2764	SAV0788
G2765	SAV2287
G2766	SAV0141
G2767	SAV1731
G2768	SACOL2202
G2769	SAV0893
G2770	SAV1546
G2771	SAV1141
G2772	SAV1734
G2773	SAV0550
G2774	SAV0341
G2775	SAV0578
G2776	decoy37
G2777	SACOL0095
G2778	SAV0665
G2779	SAV0409
G2780	SAV2366
G2781	SACOL0643
G2782	SAV1304
G2783	SAV1007
G2784	SAV2351
G2785	SAV2151
G2786	decoy55
G2787	SACOL2002
G2788	SACOL0330
G2789	SAV1976
G2790	SAV0279
G2791	SAV0682
G2792	SAV1640
G2793	SAV1609
G2794	SAV0397
G2795	SAV0068
G2796	SACOL0483
G2797	SACOL0369
G2798	SAV1538
G2799	SAV0709
G2800	SAV2434
G2801	SAV1366
G2802	decoy15
G2803	SAV2413
G2804	SAV1900
G2805	SAV2315
G2806	SAV0486
G2807	SAV0432
G2808	decoy106
G2809	SAV2661
G2810	SAV2358
