,0,1,2,3,4,5,6,7,8,9,10,11,12,13,14,15,16,17,18,19,20,21,22,23,24,25,26,27,28,29,30,31,32,33,34,35,36,37,38,39,40,41,42,43,44,45,46,47,48,49,50,51,52,53,54,55,56,57,58,59,60,61,62,63,64,65,66,67,68,69,70,71,72,73,74,75,76,77,78,79,80,81,82,83,84,85,86,87,88,89,90,91,92,93,94,95,96,97,98,99,100,101,102,103,104,105,106,107,108,109,110,111,112,113,114,115,116,117,118,119,120,121,122,123,124,125,126,127,128,129,130,131,132,133,134,135,136,137,138,139,140,141,142,143,144,145,146,147,148,149,150,151,152,153,154,155,156,157,158,159,160,161,162,163,164,165,166,167,168,169,170,171,172,173,174,175,176,177,178,179,180,181,182,183,184,185,186,187,188,189,190,191,192,193,194,195,196,197,198,199,200,201,202,203,204,205,206,207,208,209,210,211,212,213,214,215,216,217,218,219,220,221,222,223,224,225,226,227,228,229,230,231,232,233,234,235,236,237,238,239,240,241,242,243,244,245
0,15.0,0.524641619,0.291238226,0.435182976,0.341941226,-1.0,-1.0,-1.0,0.384626927,0.323811936,-1.0,0.351343335,-1.0,0.485447399,-1.0,0.305719799,0.305719799,0.419226785,-1.0,0.381601652,-1.0,0.198174886,-1.0,0.428612154,-1.0,-1.0,-1.0,-1.0,0.386661067,0.275295581,0.457366163,0.319203068,0.263805343,-1.0,0.414180401,0.414180401,-1.0,0.700925732,0.428827898,0.411114425,0.371778679,0.317053794,-1.0,0.500438227,-1.0,-1.0,0.433753425,0.304129139,-1.0,0.34107916,0.295134799,-1.0,0.381601652,-1.0,0.413725016,0.451434325,0.283507181,0.312611073,0.470613537,0.327375961,-1.0,-1.0,0.325452683,0.438420729,-1.0,-1.0,-1.0,0.422956867,-1.0,-1.0,-1.0,0.249457447,0.45225811,-1.0,0.327948609,-1.0,0.301132989,-1.0,0.589328069,0.278944548,-1.0,-1.0,0.274034241,0.358917798,-1.0,-1.0,0.311098829,-1.0,-1.0,-1.0,-1.0,-1.0,0.369776686,0.328157856,0.321947348,0.370940627,0.371130528,0.386661067,-1.0,0.542785645,-1.0,-1.0,0.326940505,0.42685138,-1.0,-1.0,-1.0,-1.0,-1.0,0.257672719,0.493412032,-1.0,-1.0,-1.0,-1.0,-1.0,0.512661269,-1.0,-1.0,-1.0,0.324292246,0.362763305,0.378205951,-1.0,0.390811478,-1.0,-1.0,-1.0,0.321584961,-1.0,0.432808643,0.392237306,0.405917374,-1.0,0.383272031,0.20559655,0.456650595,0.334889418,0.320724624,0.441417627,0.537118139,0.340838731,-1.0,0.563404535,0.405322295,0.405322295,0.352005708,0.508149268,-1.0,-1.0,0.452287395,0.35520789,0.35520789,0.399787399,0.282180673,-1.0,-1.0,0.387447239,0.32843506,0.378236636,0.383272031,0.389922391,0.355166168,-1.0,0.470709607,0.357493933,0.340898549,-1.0,-1.0,-1.0,0.249311925,0.482677088,0.373405956,-1.0,-1.0,0.40734104,0.41922081,0.315035662,-1.0,0.444142739,-1.0,0.539156489,0.235497486,-1.0,-1.0,0.314545443,-1.0,-1.0,-1.0,0.302316953,0.234547786,-1.0,0.368224816,0.431152769,0.431152769,0.353064298,0.417739069,-1.0,-1.0,-1.0,-1.0,-1.0,0.399787399,0.3352611,-1.0,-1.0,0.482323772,0.366319377,0.511795641,0.339591893,-1.0,-1.0,0.300505196,0.308135002,0.322277729,-1.0,-1.0,0.343825118,0.291112219,-1.0,0.47204424,0.418903569,-1.0,-1.0,0.359994734,-1.0,0.495825951,0.445169202,0.370842007,-1.0,0.322173973,0.285398788,0.285398788,0.287571974,-1.0,0.366474655,-1.0,0.342890679,-1.0,-1.0,-1.0,-1.0,-1.0,0.645457054,-1.0,-1.0
1,30.0,0.467271022,0.494045055,0.475566824,0.377769976,-1.0,-1.0,0.359241402,-1.0,0.284794084,0.29612594,-1.0,0.238245161,0.340749233,-1.0,-1.0,-1.0,0.402856422,-1.0,0.387239491,0.352756878,-1.0,-1.0,0.357728625,-1.0,0.292366842,-1.0,-1.0,0.389989938,0.366757114,0.475170598,-1.0,0.526009586,0.312390677,0.454256522,0.454256522,-1.0,0.696882965,0.393577894,0.328089729,0.353175721,0.344449288,0.319281083,0.523654055,-1.0,0.406036494,0.435310277,0.319471622,0.340620727,0.461961194,0.25553337,0.269620127,-1.0,-1.0,0.40730774,-1.0,-1.0,0.357446368,0.465566604,0.3011515,0.374334831,0.312594551,0.280721508,0.412876931,0.341586624,-1.0,-1.0,0.375203905,0.371506326,-1.0,0.44790978,-1.0,0.401159689,0.313211535,0.292631501,-1.0,-1.0,-1.0,0.59082017,-1.0,0.309535757,0.447872163,-1.0,0.219429651,-1.0,-1.0,0.297443834,-1.0,-1.0,-1.0,-1.0,0.318697001,0.389155029,0.129102438,0.390030902,0.453409772,-1.0,0.362722611,-1.0,0.532946517,0.218786469,-1.0,0.341650726,0.402998969,0.29175254,0.307329649,0.341262475,0.361640264,-1.0,0.43344995,0.509999191,0.221775677,0.445235844,-1.0,0.456343031,0.491551789,0.483876776,0.573309187,-1.0,-1.0,0.337628215,0.308481569,0.324607512,-1.0,0.366944923,-1.0,0.349942217,-1.0,0.367841149,0.380182395,0.372931364,0.381986493,0.445297113,0.352169061,0.370334398,0.237223146,-1.0,0.290460236,0.416447371,0.428719607,0.522966121,0.284794084,-1.0,-1.0,-1.0,-1.0,0.417684344,0.492037922,0.421811444,0.382432086,0.392147892,-1.0,-1.0,-1.0,0.273875135,-1.0,0.447214552,0.468822193,0.376411151,0.481249972,0.328010959,0.382938726,0.399942712,-1.0,-1.0,-1.0,0.380442282,0.477659477,-1.0,0.283046705,-1.0,0.438618199,-1.0,-1.0,-1.0,0.347918928,0.397928397,0.343293307,-1.0,0.444096631,-1.0,0.527316476,-1.0,0.302187824,0.338719284,0.28757333,-1.0,-1.0,-1.0,0.349172741,-1.0,0.339251948,0.361273996,0.408038118,0.408038118,0.340437122,0.379732369,-1.0,0.239730739,-1.0,0.406424603,-1.0,-1.0,0.338540027,-1.0,0.391343812,0.479974683,0.407584122,0.530065102,0.297026823,0.460907517,0.384274312,0.376078512,0.28430132,0.401170067,-1.0,-1.0,0.407584122,0.300334648,-1.0,0.482466947,0.284077803,0.296784029,0.292130018,0.394652806,0.235980436,0.502010543,0.410157691,0.31769018,-1.0,0.302151605,-1.0,-1.0,0.371919784,0.43191721,0.529410274,-1.0,0.342752254,0.258705294,0.258705294,-1.0,0.36894204,0.387576528,-1.0,0.611201148,-1.0
2,60.0,0.363939118501971,0.04452285886844137,-0.15044416251030812,0.2531701384661305,-0.6650590768913004,-0.5448249740898278,0.028934281620231053,-0.2853356507352741,0.08566984605856368,0.1743235957773674,-0.08705693770208428,0.12917439276483916,0.4143991466878341,-0.4262263160286588,0.1183447646236747,0.001694888170978709,0.14962127310224288,-0.567259882,-0.1895009138838242,-0.3368146830090394,0.03015436766425012,-0.6747441018449252,0.25835598887480743,-0.15220732608232898,-0.004720102283461734,-0.3380471849440417,-0.46147867310296775,0.161078333434164,0.34425271990185774,0.4723291234837335,-0.005516745011259622,0.48406280020015857,-0.5494999417386272,0.3169848348786135,0.3169848348786135,-0.8031938376583598,0.6758112642963299,0.39309577446592664,-0.4352627026979611,-0.19864054996846395,0.008210766324059801,-0.333175630515179,0.4060165065116448,-0.22393106161447665,-0.047393256143701865,0.17403645695734027,0.07807744413629364,-0.2572011126360217,0.06878559174612599,-0.33898266366585866,-0.4696664434096511,-0.20452240450657,-0.6585646772185093,0.42184188020022656,-0.6391673818003172,0.09172967038939735,0.18484854969553693,0.19925557586792025,-0.22444553149311283,-0.06141805476205258,0.17114622012700498,0.10128081177992752,0.2852786283086543,-0.019488395484775742,-0.8810796981660626,-0.9137743543271408,0.2523265849032624,-0.7818216265682374,0.03334521845756682,-0.45530996282761665,-0.7914612902214998,0.4142628713053466,-0.19700182264315816,0.08416709949426826,-0.3172154059366561,-0.6648140535108519,-0.3154571795135931,0.5693925824788628,-0.5641343565496149,-0.6690931539669687,-0.004830104949071143,-0.7012434491942002,-0.5480973731907567,-0.5505188195619167,-0.6608972013740825,-0.027927652640598093,-0.7778241600873131,-0.7778241600873131,-0.9976016470420481,-0.5528779755812415,-0.4455290507608971,0.3762148653000453,-0.11208021789662437,0.3464115142859085,-0.04750028364032623,-0.20019493593563661,0.030729490726076145,-1.0,0.5287990022643634,-0.3484379002488672,-0.5660063947792251,-0.13109468020842774,0.1603822979146579,-0.5584913629632533,-0.3680501364474626,-0.5139859566856819,-0.09384019964716811,-0.39839423824694153,0.1360633399983235,0.5013088847797461,-0.508251053436271,0.3239753108606706,-0.5901130033114409,-0.6411046474821251,-0.3179531155425691,0.126306108318532,0.43244396221323067,-0.4332605136539194,-0.9974219584696873,-0.11120830090319436,0.23966054775967377,-0.10721917562961028,-0.6664788100410964,0.3712908385771862,-0.5483766862385364,-0.2650337990451518,-0.09899747584009974,0.32594566813722253,-0.07861024355577707,0.40959181328128685,0.03053863082428638,0.18269737064442682,-0.21673390540144993,-0.7644001735547803,-0.15976093849893522,-0.11496920257378795,-0.43791628607025374,0.06077461236123702,0.32019007466792027,0.15138088450835976,-0.3109228466088129,-0.5536290347414591,-0.18789135715197103,-0.19615399129814232,-0.19615399129814232,-0.31258627205992306,0.1424051852703217,-0.04984730373001814,-0.43580128712985955,-0.2968785427563661,0.035898672879995486,0.035898672879995486,0.04016132418078844,0.14673328904632985,-0.9948408026168555,0.1615392300680109,0.22944796487961033,-0.31979800346286813,0.14231899489562755,0.20302565214868598,0.38770867027732214,0.05216682940056637,-0.8822392263574537,0.33082571303026737,-0.20800065085115543,-0.21819430071291343,0.17226807515246942,-0.44071221416506573,-0.5523848560338921,-0.4440002561696647,0.4682306314966017,-0.18583893781606253,-0.5282487908275715,-0.7807654559137517,0.1370596167091074,0.4048897263987314,0.21149244547521523,-0.7587291543158359,-0.6242218093221341,-0.7587291543158359,0.529883146763276,-0.7768256823909832,-0.0424413282573403,-0.20504467261665157,0.18114352495962846,-0.11244014883611238,-0.5430870198800182,-0.32869058050412325,0.11991293039705488,-0.08084352937328955,-0.562332075654599,0.009395496167716351,-0.030665845828998665,-0.030665845828998665,-0.12952673597014047,0.08565228083486641,-0.47545891702702775,-0.6692981856625057,-0.6938159224196194,0.1803620201796556,-0.6596962779961939,-0.42758225546934747,-0.003258835138536493,-0.7813751945245582,-0.4243965158518124,0.353289659667671,-0.3126449357954463,0.514641118689035,0.32066576683090164,-0.12820540097564567,-0.40711470551871315,-0.07416764701332122,0.2823247835700498,-0.07703530210355683,-0.46768717140720434,-0.8895033800590167,-0.19658455355258267,-0.11170380589463073,-0.20331237612870412,0.4748838410788854,0.28309213711776166,-0.1140681092385818,-0.1598307204727005,0.15686567714438154,-0.6639635885978931,0.47703091390817853,0.42354274671755776,-0.019616818788264646,-0.43397589759587685,0.3282833880086769,-0.2240380629092207,-0.2240380629092207,0.09733052215106479,-0.37740130020391943,0.2633675061108292,-0.38416004180210694,0.31175416288647484,-0.04465553629116448,-0.04465553629116448,-0.3514933555212279,0.03721669922383325,0.04167576629442682,-0.636552503312415,-0.5459136986185773,-0.14967612117317625
3,120.0,0.488950954,-1.0,-1.0,0.327189668,-1.0,-1.0,-1.0,-1.0,-1.0,0.292978527,0.344347855,0.2407532,0.404408879,0.401627606,-1.0,-1.0,-1.0,-1.0,0.410209279,0.315466262,-1.0,0.322491593,0.354403086,0.407613646,0.277114459,-1.0,0.136918698,-1.0,0.383205916,0.466215466,-1.0,0.493360387,-1.0,0.433763241,0.433763241,-1.0,0.686119016,0.412582301,-1.0,0.396872034,-1.0,0.423022875,0.510635402,-1.0,0.433172886,0.436028758,0.299744952,-1.0,0.433509904,0.467290518,-1.0,0.427548233,-1.0,0.463110017,-1.0,-1.0,0.481505276,0.485543845,0.328728717,0.494160906,0.434769724,0.365318042,0.434152908,0.36731685,-1.0,-1.0,0.383544948,-1.0,-1.0,0.300694614,-1.0,0.398132461,0.250908705,0.321800577,0.368708342,-1.0,-1.0,0.579601584,-1.0,0.300310349,-1.0,0.135583576,-1.0,-1.0,0.237499959,0.253600081,0.322588327,0.322588327,-1.0,-1.0,0.372093549,0.38818364,-1.0,0.207885703,0.509888268,-1.0,0.394020381,-1.0,0.528167681,-1.0,-1.0,0.347503417,0.389398502,-1.0,0.304385569,-1.0,-1.0,-1.0,0.355134108,0.518156907,0.227116294,0.432601028,-1.0,-1.0,-1.0,-1.0,0.611493746,-1.0,-1.0,0.295694905,0.346498226,0.314583516,0.333898483,0.392873509,-1.0,0.243177282,-1.0,0.250908705,-1.0,0.436082413,0.384586454,0.412520079,-1.0,-1.0,0.264582053,0.346823266,-1.0,0.425358333,0.427548233,0.503157311,-1.0,0.3645613,0.196618367,-1.0,-1.0,-1.0,-1.0,0.330584659,-1.0,0.437239146,0.311294212,0.311294212,0.406786001,0.254634633,-1.0,0.329990343,-1.0,-1.0,-1.0,0.280199448,0.389699747,0.415627966,-1.0,0.465819303,0.391130511,0.317450202,0.478312343,0.337283397,-1.0,-1.0,0.481856264,0.378280504,-1.0,0.393546362,0.388426095,0.423392651,0.335925267,-1.0,-1.0,-1.0,0.552263214,-1.0,0.336272178,0.382313607,0.337122903,0.378637996,-1.0,0.353801845,0.289874339,0.239313427,-1.0,0.358470107,0.446804133,0.446804133,0.309771415,-1.0,0.300648401,0.331994675,-1.0,0.397727741,-1.0,0.366792866,-1.0,-1.0,-1.0,0.463013783,-1.0,0.485898708,0.318801586,-1.0,-1.0,-1.0,0.270774784,0.382808489,0.236189178,-1.0,0.437603951,0.393927461,-1.0,0.482726342,0.448915768,0.297170312,0.297280625,0.512040948,-1.0,0.484346812,0.465335403,0.299213649,-1.0,0.385009853,-1.0,-1.0,0.295441001,0.500091406,-1.0,-1.0,0.326224712,-1.0,-1.0,-1.0,0.319294342,0.424553975,-1.0,0.374872942,0.290019601
4,960.0,0.458444351,0.470274451,0.476724878,0.383754661,0.251498477,-1.0,-1.0,-1.0,0.273612346,0.263086708,0.363446555,-1.0,0.394100547,-1.0,0.313393361,0.313393361,0.413641141,0.370313721,0.372982922,0.298903745,0.260267137,-1.0,0.37268912,0.42084733,-1.0,-1.0,-1.0,0.368825249,0.304773027,0.499808405,0.296659507,0.524314342,0.333249849,0.383405786,0.383405786,-1.0,0.68867764,0.377519085,0.317557969,0.421823547,0.519414732,-1.0,0.561599142,-1.0,0.420767725,0.377519085,0.285509446,-1.0,0.371963997,0.377966627,-1.0,-1.0,0.295680517,0.434829915,-1.0,0.247577935,1.0,-1.0,0.377755791,0.389247279,0.40380315,-1.0,0.482012581,-1.0,-1.0,-1.0,0.427276615,-1.0,0.496871634,0.316717049,-1.0,0.367047526,-1.0,0.329635464,0.35626857,0.27904675,-1.0,0.551038552,-1.0,-1.0,0.493199235,0.2508371,-1.0,0.416475563,0.380966988,0.33038293,-1.0,-1.0,-1.0,0.279041854,0.378084486,0.33641662,0.278673882,0.411395317,-1.0,-1.0,-1.0,-1.0,0.547640679,-1.0,-1.0,0.312156299,0.34288684,0.205305185,0.296078651,0.348902597,0.327308224,-1.0,0.418727924,0.494656025,-1.0,0.394728403,-1.0,-1.0,-1.0,0.459572648,0.582349967,0.287753968,0.278592732,0.275894405,0.371278439,0.299683036,-1.0,0.313976368,0.287058233,-1.0,0.401210779,0.428378696,0.377001301,0.410367564,0.386645254,0.460746044,-1.0,-1.0,0.276884497,0.328890505,0.424585068,-1.0,-1.0,0.500727426,-1.0,-1.0,-1.0,0.180806906,0.180806906,0.373682509,0.427474378,0.395832657,-1.0,-1.0,0.327408547,0.327408547,-1.0,0.276914563,0.309310605,-1.0,0.400539646,-1.0,0.318954978,-1.0,0.369753969,0.416197104,0.402085145,0.406287775,-1.0,0.358515928,0.43541204,0.281001655,-1.0,-1.0,0.460625225,0.365803463,-1.0,0.370222189,0.40505064,0.362122907,0.357860083,-1.0,0.42737555,-1.0,0.490423273,0.305745485,-1.0,0.263408934,0.307739412,0.314167656,0.379346247,-1.0,0.354270437,0.240720296,-1.0,0.321971361,-1.0,-1.0,-1.0,-1.0,0.278331587,0.250936608,-1.0,0.343488694,-1.0,-1.0,-1.0,0.309645613,-1.0,0.470068778,-1.0,0.549493708,0.260174159,-1.0,-1.0,0.40380315,-1.0,-1.0,0.263911803,-1.0,0.396006182,0.396248573,0.309381234,0.463699742,0.436255972,0.271147488,0.223165203,0.347361642,0.2071043,0.445056901,0.398381763,0.232331265,0.269734534,0.331002879,-1.0,-1.0,0.29711393,0.504820396,-1.0,-1.0,0.300853374,0.258560785,0.258560785,-1.0,-1.0,0.363745571,-1.0,0.260111122,-1.0
5,540.0,0.4118119900909153,-0.12401199562580424,-0.2712496458777752,0.11141359711588125,-0.6781243919745809,-0.8137440971491843,0.029547832545831466,-0.11183821049603532,0.17372753894845944,0.24867182731121432,-0.227602556246715,-0.1389788696402356,0.38456669068710914,-0.7188454830173312,0.2232134127621432,0.17619793444410967,0.08884006474483461,-0.23938296199999998,-0.25856783549179885,-0.0101638871928183,-0.024066210590394196,-0.8494476939101722,-0.02920304542985952,-0.40273273539524246,-0.023115246753239664,-0.3409606272349343,-0.7435780014219528,0.261417929509198,0.33931690533511555,0.281462976807159,0.166139280233507,0.5016869476981196,-0.6335491256277073,0.16033555012501133,0.16033555012501133,-0.7233664369080199,0.6700814187720888,0.3863148706754418,-0.38526213589560493,0.1294793234546443,-0.19280374732813776,-0.6850301641771636,0.46053823787621206,-0.24447731967120523,-0.16132390396753513,0.12777996240582234,0.2046790672982329,-0.47864472454431356,0.0892282013816493,-0.32858314466196203,-0.7420262181141368,-0.22788693913638425,-0.6824183723376755,0.25025562051159944,-0.6706991839962393,0.18804975469714547,0.013775529881490667,-0.24051978886248299,-0.4355112490673766,0.20903543299290894,0.29351576412265523,0.03733493795228819,-0.029274653716900745,0.008984106719483489,-0.6208604856024015,-0.9652469415496148,0.15659187514703216,-0.8897042512337563,0.28114536661742184,-0.36763291574397367,-0.8966540051307885,0.40137673369374716,-0.44767976795969644,0.04817935089653376,-0.139274103836792,-0.168882639385614,-0.5111266781959674,0.14761948950777076,-0.4956120463402809,-0.8447438866487992,0.2782090245675578,-0.6972393253830539,-0.6442428481667422,-0.6090408245801314,-0.28736024639302216,-0.02656280731862257,-0.7246058530504305,-0.7246058530504305,-0.8415200702728591,-0.26049017187956497,-0.5682816531779338,0.35600269624231984,-0.4244767646971681,0.33763427203851387,-0.00035337106470322704,-0.30733894163459446,-0.1488788675949026,-1.0,0.5182782861654055,-0.5433018866920027,-0.8015400565463298,-0.2446461426714998,0.2819017645404848,-0.2921326431785682,-0.38445409968008604,-0.08201773092691417,-0.2330866729550068,-0.1726130096434073,0.24451638393416406,0.4976126087830085,-0.574644202727073,0.38830137136633447,-0.6231394106357725,-0.46085068155480297,-0.4892210010095378,0.09596728050883557,0.5202462181574082,-0.2154005637606706,-0.8296464916879928,-0.27607918233355233,-0.0666095284647032,-0.42127025480604896,-0.6666518378841413,0.3521105943419347,-0.4458407330430674,-0.44816856342177164,0.15872490184689625,0.3235874704157907,-0.2086156150957861,0.418169219721885,0.23768304788346173,0.3231782511446534,-0.46963374195423646,-0.9021616371647486,-0.07395746975548254,-0.20140197366794294,-0.5766887908669913,-0.118453400354667,0.185296956337517,0.1416910325580199,-0.15522326888121885,-0.4134430125227005,-0.2698481519409153,-0.3304615354648845,-0.3304615354648845,-0.1794256052180562,0.25040039648047124,-0.0051387125869279335,-0.5810666412888084,-0.6692141789459447,0.202056444665768,0.202056444665768,-0.1101987361436339,0.048203363522088774,-0.6590871931429995,-0.25488892397784324,0.11578343605604893,-0.1397264950688491,0.2403342337661305,-0.11144952837727687,0.3829575412688944,0.23798504737899862,-0.4321345763616222,0.3869033952696873,-0.45687691747915726,-0.27735516886116895,-0.04654241209356591,-0.20009276567136386,-0.43813406965527857,-0.7706246147168329,0.47711189482600813,-0.06423052045240146,-0.5895616872016539,-0.6887546076940869,-0.0811208006937019,0.3958871384150431,0.2957856928510195,-0.5040824462408019,-0.46092769662326694,-0.5040824462408019,0.5099117696497282,-0.43421101767834147,-0.011873888105822378,-0.10941389270256006,0.0690925777929769,-0.05440019542895333,-0.22584835193692787,-0.3260718378511101,-0.30301253365079295,0.09842388309757585,-0.8008842538954689,0.15546707939707752,-0.19310470328473042,-0.19310470328473042,-0.2672791066111917,-0.49343295948484367,-0.03130572849381519,-0.67586994653029,-0.8573750004245129,0.30835031429836884,-0.6709793444451292,-0.3560480246205936,-0.1670112931430675,-0.715754928437381,-0.5510901743427956,0.22532788235475756,-0.6952351356968509,0.5006979170585864,0.30559599106216584,-0.6009150215030585,-0.37311312947811504,-0.23496513444204808,0.11196400592655184,-0.040933717472111435,-0.5755654608288627,-0.6182655663716583,-0.2555020148622338,-0.2234139688350929,0.09341781954034889,0.2735956811789307,0.15688227448939734,0.10283027541461262,-0.2755717777522655,0.1050230211023335,-0.522684592182125,0.4576724309887404,0.4173157184489579,0.13769611526085182,-0.008458261048889915,0.32754090785425916,-0.6620779364620979,-0.6620779364620979,-0.16370599790548254,-0.12528097271067062,-0.2451750874855459,-0.5509914334178749,0.1399759162175124,-0.04599617294762117,-0.04599617294762117,-0.691515985576869,-0.16600637393973722,0.056269105994653394,-0.8507265302956502,-0.41901119775115536,-0.22065560974662438
6,15.0,0.445412267,0.404436376,-1.0,0.394581417,-1.0,0.29533105,0.396443741,0.481090556,0.306208563,0.271221851,0.346174644,0.230612235,0.448643851,-1.0,0.33139112,0.33139112,0.385806303,-1.0,0.380916709,-1.0,0.333925766,0.339553881,0.35507255,0.497210559,0.328982532,-1.0,0.325243769,0.373278892,0.33712652,0.473598101,0.29626326,0.484555137,0.294011528,0.428110631,0.428110631,-1.0,0.688441643,0.396443741,-1.0,-1.0,0.279406239,0.324920753,0.536149712,-1.0,0.432169817,0.416261335,0.284264155,-1.0,-1.0,-1.0,-1.0,-1.0,-1.0,0.49643076,-1.0,0.317788443,0.392355084,0.450233877,-1.0,-1.0,0.419738666,0.261403204,0.318693528,0.30597631,-1.0,-1.0,-1.0,-1.0,0.436045582,-1.0,-1.0,0.42499797,0.411430812,-1.0,0.281799383,-1.0,0.436029148,0.56561248,-1.0,0.389239277,-1.0,-1.0,-1.0,-1.0,0.370041115,0.310511779,-1.0,-1.0,-1.0,0.355135492,0.297283118,0.371614895,0.379179279,0.40916185,0.37455065,0.340475991,0.378747409,-1.0,0.513129713,0.344284272,-1.0,0.310307929,0.407874924,0.291133009,0.293053211,0.414673441,0.384863636,0.414673441,0.064802761,0.491074998,-1.0,0.455419079,0.209848234,-1.0,-1.0,0.470268577,0.57634278,0.345234275,-1.0,0.296986142,0.364202009,-1.0,-1.0,0.372159794,-1.0,-1.0,0.312934813,0.380444995,0.365202264,0.39805181,-1.0,-1.0,0.282390727,-1.0,0.287790635,-1.0,-1.0,0.488624753,0.462229682,-1.0,-1.0,-1.0,0.362525085,0.382235449,0.382235449,-1.0,0.498032709,0.498757438,-1.0,-1.0,-1.0,-1.0,0.416885723,0.259160887,-1.0,0.437026319,0.57891943,-1.0,0.306878034,0.337273491,0.365708901,0.411430812,-1.0,0.457248981,0.342687972,0.291477436,0.376232171,0.389987602,0.33881591,0.351788193,0.471229241,0.33139112,0.320639777,-1.0,0.355809432,0.392033381,0.320409013,-1.0,-1.0,-1.0,0.523932805,-1.0,-1.0,0.329147148,0.301283473,0.332012889,0.361318949,0.318786695,0.399388782,-1.0,0.269504868,0.337845788,0.411435098,0.411435098,0.225448965,0.234265978,-1.0,-1.0,-1.0,0.443984306,-1.0,-1.0,-1.0,-1.0,-1.0,0.487299309,-1.0,0.533411103,0.33732783,0.288860886,-1.0,0.303708895,0.287247568,-1.0,-1.0,-1.0,0.348897794,0.287402821,0.311990221,0.459794397,0.398041908,0.306371062,0.314052582,-1.0,-1.0,0.471928199,0.42324511,-1.0,0.449699328,0.33820806,0.28342085,0.28342085,0.33912863,0.465074835,0.428471519,0.298267195,0.32684325,0.281258348,0.281258348,-1.0,0.297283118,-1.0,-1.0,-1.0,0.28115011
7,30.0,0.448539474,-1.0,0.511894844,0.366733673,-1.0,-1.0,0.354209182,0.4624894,0.294841456,0.258349968,0.24704298,0.235963111,0.390099967,0.404979604,0.315573483,0.315573483,0.334837115,-1.0,0.364481907,0.372124121,0.403270057,-1.0,0.425979876,0.502936421,0.317575335,0.289422,-1.0,-1.0,0.367452183,0.486070815,0.273585323,0.530770341,0.318813329,0.439600643,0.439600643,0.138065917,0.660120623,0.372851966,-1.0,0.362038413,0.341428088,-1.0,0.511932916,0.263182527,-1.0,0.395776687,0.298686054,0.271632473,-1.0,0.313462741,-1.0,0.448284612,0.377143714,0.395748928,-1.0,0.321403124,0.353904507,-1.0,0.29944217,0.462183429,0.406658202,0.31877513,0.330857679,-1.0,-1.0,-1.0,0.335294377,-1.0,0.420579591,-1.0,-1.0,0.427356261,-1.0,0.331265957,0.356025027,0.235338807,-1.0,0.580679251,-1.0,-1.0,0.425312205,-1.0,-1.0,-1.0,-1.0,0.318968512,-1.0,-1.0,-1.0,0.284593132,-1.0,0.383014069,0.386219446,0.381969906,0.395776687,0.342341293,0.438054991,-1.0,0.555289166,-1.0,-1.0,-1.0,0.418829999,-1.0,-1.0,-1.0,0.349585297,-1.0,0.328812884,0.515804792,-1.0,0.411167045,-1.0,-1.0,-1.0,0.482439167,0.552369101,-1.0,-1.0,0.296778029,0.361260417,-1.0,0.374688789,0.389810352,-1.0,-1.0,-1.0,0.320931493,0.373411789,0.401434444,-1.0,0.424232197,-1.0,-1.0,0.237067152,0.267914613,0.227414393,0.450565843,0.463152024,0.558938525,0.438511246,0.374744519,0.41999578,-1.0,-1.0,0.253062957,0.480110334,-1.0,-1.0,0.40345419,0.417649376,0.417649376,-1.0,0.268053373,-1.0,0.415444315,0.492192634,-1.0,0.40056347,0.308202121,0.391639164,-1.0,-1.0,0.453735878,0.264696397,-1.0,0.504669451,0.384567988,-1.0,0.272059236,0.480146093,-1.0,0.479994021,-1.0,0.384423801,0.397110353,0.361854529,-1.0,0.447286764,-1.0,0.532264906,0.289198003,0.293810287,-1.0,0.28136309,0.336098707,-1.0,0.347714872,-1.0,-1.0,-1.0,0.358289611,0.456821225,0.456821225,-1.0,0.294988069,0.264894721,-1.0,0.295983497,-1.0,-1.0,-1.0,0.339013858,-1.0,0.328812884,-1.0,-1.0,0.515289223,0.29145505,0.322000381,-1.0,0.531022405,0.243328281,-1.0,0.316863018,-1.0,-1.0,0.322145411,0.417011448,0.492237756,0.40664833,-1.0,0.220227824,0.434127469,-1.0,0.47796889,0.39723065,0.304607652,-1.0,0.316742028,0.311586767,0.311586767,-1.0,-1.0,0.499853688,0.267678465,0.321901926,0.257507967,0.257507967,0.418343888,-1.0,0.389329607,-1.0,-1.0,-1.0
8,60.0,0.363939118501971,0.04452285886844137,-0.15044416251030812,0.2531701384661305,-0.6650590768913004,-0.5448249740898278,0.028934281620231053,-0.2853356507352741,0.08566984605856368,0.1743235957773674,-0.08705693770208428,0.12917439276483916,0.4143991466878341,-0.4262263160286588,0.1183447646236747,0.001694888170978709,0.14962127310224288,-0.567259882,-0.1895009138838242,-0.3368146830090394,0.03015436766425012,-0.6747441018449252,0.25835598887480743,-0.15220732608232898,-0.004720102283461734,-0.3380471849440417,-0.46147867310296775,0.161078333434164,0.34425271990185774,0.4723291234837335,-0.005516745011259622,0.48406280020015857,-0.5494999417386272,0.3169848348786135,0.3169848348786135,-0.8031938376583598,0.6758112642963299,0.39309577446592664,-0.4352627026979611,-0.19864054996846395,0.008210766324059801,-0.333175630515179,0.4060165065116448,-0.22393106161447665,-0.047393256143701865,0.17403645695734027,0.07807744413629364,-0.2572011126360217,0.06878559174612599,-0.33898266366585866,-0.4696664434096511,-0.20452240450657,-0.6585646772185093,0.42184188020022656,-0.6391673818003172,0.09172967038939735,0.18484854969553693,0.19925557586792025,-0.22444553149311283,-0.06141805476205258,0.17114622012700498,0.10128081177992752,0.2852786283086543,-0.019488395484775742,-0.8810796981660626,-0.9137743543271408,0.2523265849032624,-0.7818216265682374,0.03334521845756682,-0.45530996282761665,-0.7914612902214998,0.4142628713053466,-0.19700182264315816,0.08416709949426826,-0.3172154059366561,-0.6648140535108519,-0.3154571795135931,0.5693925824788628,-0.5641343565496149,-0.6690931539669687,-0.004830104949071143,-0.7012434491942002,-0.5480973731907567,-0.5505188195619167,-0.6608972013740825,-0.027927652640598093,-0.7778241600873131,-0.7778241600873131,-0.9976016470420481,-0.5528779755812415,-0.4455290507608971,0.3762148653000453,-0.11208021789662437,0.3464115142859085,-0.04750028364032623,-0.20019493593563661,0.030729490726076145,-1.0,0.5287990022643634,-0.3484379002488672,-0.5660063947792251,-0.13109468020842774,0.1603822979146579,-0.5584913629632533,-0.3680501364474626,-0.5139859566856819,-0.09384019964716811,-0.39839423824694153,0.1360633399983235,0.5013088847797461,-0.508251053436271,0.3239753108606706,-0.5901130033114409,-0.6411046474821251,-0.3179531155425691,0.126306108318532,0.43244396221323067,-0.4332605136539194,-0.9974219584696873,-0.11120830090319436,0.23966054775967377,-0.10721917562961028,-0.6664788100410964,0.3712908385771862,-0.5483766862385364,-0.2650337990451518,-0.09899747584009974,0.32594566813722253,-0.07861024355577707,0.40959181328128685,0.03053863082428638,0.18269737064442682,-0.21673390540144993,-0.7644001735547803,-0.15976093849893522,-0.11496920257378795,-0.43791628607025374,0.06077461236123702,0.32019007466792027,0.15138088450835976,-0.3109228466088129,-0.5536290347414591,-0.18789135715197103,-0.19615399129814232,-0.19615399129814232,-0.31258627205992306,0.1424051852703217,-0.04984730373001814,-0.43580128712985955,-0.2968785427563661,0.035898672879995486,0.035898672879995486,0.04016132418078844,0.14673328904632985,-0.9948408026168555,0.1615392300680109,0.22944796487961033,-0.31979800346286813,0.14231899489562755,0.20302565214868598,0.38770867027732214,0.05216682940056637,-0.8822392263574537,0.33082571303026737,-0.20800065085115543,-0.21819430071291343,0.17226807515246942,-0.44071221416506573,-0.5523848560338921,-0.4440002561696647,0.4682306314966017,-0.18583893781606253,-0.5282487908275715,-0.7807654559137517,0.1370596167091074,0.4048897263987314,0.21149244547521523,-0.7587291543158359,-0.6242218093221341,-0.7587291543158359,0.529883146763276,-0.7768256823909832,-0.0424413282573403,-0.20504467261665157,0.18114352495962846,-0.11244014883611238,-0.5430870198800182,-0.32869058050412325,0.11991293039705488,-0.08084352937328955,-0.562332075654599,0.009395496167716351,-0.030665845828998665,-0.030665845828998665,-0.12952673597014047,0.08565228083486641,-0.47545891702702775,-0.6692981856625057,-0.6938159224196194,0.1803620201796556,-0.6596962779961939,-0.42758225546934747,-0.003258835138536493,-0.7813751945245582,-0.4243965158518124,0.353289659667671,-0.3126449357954463,0.514641118689035,0.32066576683090164,-0.12820540097564567,-0.40711470551871315,-0.07416764701332122,0.2823247835700498,-0.07703530210355683,-0.46768717140720434,-0.8895033800590167,-0.19658455355258267,-0.11170380589463073,-0.20331237612870412,0.4748838410788854,0.28309213711776166,-0.1140681092385818,-0.1598307204727005,0.15686567714438154,-0.6639635885978931,0.47703091390817853,0.42354274671755776,-0.019616818788264646,-0.43397589759587685,0.3282833880086769,-0.2240380629092207,-0.2240380629092207,0.09733052215106479,-0.37740130020391943,0.2633675061108292,-0.38416004180210694,0.31175416288647484,-0.04465553629116448,-0.04465553629116448,-0.3514933555212279,0.03721669922383325,0.04167576629442682,-0.636552503312415,-0.5459136986185773,-0.14967612117317625
9,120.0,-1.0,0.345005927,-1.0,-1.0,0.200524328,-1.0,0.424945628,-1.0,-1.0,0.298534328,0.376728321,0.198544752,0.398112186,-1.0,0.340412151,0.340412151,0.359410168,0.314052396,-1.0,-1.0,0.294943042,-1.0,0.353590212,0.466524848,-1.0,0.308833581,-1.0,0.382534985,0.361612769,0.492886137,0.294943042,0.492865992,-1.0,0.405988178,0.405988178,-1.0,0.679277275,0.361912292,0.345150882,-1.0,0.400605974,-1.0,0.527794904,0.348725004,-1.0,0.401511149,0.318471034,-1.0,0.462122974,0.286416518,-1.0,0.357448193,-1.0,0.386956214,-1.0,0.298403161,0.429776053,0.474622849,0.409408956,0.412032326,-1.0,0.235934752,0.403896105,0.312209021,-1.0,-1.0,0.383548177,-1.0,0.444577469,0.419289366,0.311365637,0.397372918,-1.0,0.282011838,-1.0,-1.0,0.425872704,0.576139803,-1.0,-1.0,0.563397167,-1.0,-1.0,-1.0,-1.0,0.313815418,-1.0,-1.0,-1.0,-1.0,-1.0,0.369887798,0.337825093,0.40172261,-1.0,0.335409665,0.384674938,-1.0,0.539449155,0.039356419,-1.0,0.257001933,0.36769615,-1.0,-1.0,-1.0,-1.0,-1.0,0.476468445,0.492023766,-1.0,0.449539836,0.250095792,-1.0,-1.0,0.467558815,0.567650957,-1.0,-1.0,-1.0,-1.0,0.292243296,-1.0,0.362729448,-1.0,0.305241547,0.42114511,0.345318441,0.149558128,0.396767621,0.381433313,0.455554682,-1.0,-1.0,0.258070761,0.339152047,-1.0,0.372682586,0.449683149,0.513877324,-1.0,-1.0,-1.0,-1.0,-1.0,-1.0,-1.0,-1.0,-1.0,0.384505548,0.383174585,0.383174585,0.401879856,0.245336791,-1.0,0.447099463,0.407455802,-1.0,0.31179375,0.275764794,0.377247467,-1.0,-1.0,0.432866899,-1.0,-1.0,0.454433204,0.302757108,-1.0,-1.0,0.47232294,-1.0,-1.0,-1.0,0.374572234,0.40493004,0.298003472,-1.0,-1.0,-1.0,0.499673597,-1.0,0.274550126,-1.0,0.282497058,0.325789976,-1.0,-1.0,0.304549611,0.230061006,0.352462824,0.345204229,-1.0,-1.0,-1.0,0.329933367,0.306412367,-1.0,0.121009025,0.42019304,-1.0,-1.0,0.335907918,-1.0,0.354262888,0.456295635,-1.0,0.549086007,0.306421628,0.149281198,-1.0,-1.0,0.242234268,0.421654256,0.279334751,-1.0,0.456120741,-1.0,0.32709674,0.478681617,0.418141175,-1.0,0.248022125,0.386761748,-1.0,0.46797933,0.380422674,0.28730277,0.31612085,0.322874947,0.332029455,0.332029455,0.347759111,-1.0,0.3383926,0.332038237,0.328146634,0.269434408,0.269434408,-1.0,-1.0,0.381417848,-1.0,0.259454557,0.267504914
10,960.0,0.521872692,-1.0,0.349979556,0.318827991,-1.0,-1.0,0.398806609,0.515938186,0.326071626,0.299341195,-1.0,0.229371593,0.369957853,-1.0,0.328155404,0.328155404,0.324808392,-1.0,0.382065932,0.208373766,0.25892648,-1.0,-1.0,-1.0,0.318706471,-1.0,-1.0,0.382613675,0.354645967,0.46951728,0.397297143,0.486927479,-1.0,0.42113856,0.42113856,0.453761457,0.673666702,0.398245131,0.293733308,0.441318444,-1.0,-1.0,0.536636737,-1.0,0.483249574,-1.0,0.29315762,0.301236141,-1.0,0.333645267,-1.0,0.403987184,-1.0,-1.0,-1.0,0.299579455,-1.0,0.530563519,-1.0,0.360467513,0.402086365,0.239960261,-1.0,0.351077279,0.275946845,-1.0,-1.0,-1.0,0.473048066,0.323058695,-1.0,0.421080233,-1.0,0.33125732,-1.0,0.171743755,0.408960077,-1.0,0.313200605,-1.0,0.522411283,-1.0,-1.0,-1.0,0.352426123,0.271742254,0.256483013,0.256483013,0.189475276,0.331618551,-1.0,0.34312512,-1.0,0.332416898,0.437523603,0.302265812,0.413039905,-1.0,0.502960684,-1.0,-1.0,-1.0,0.373071786,0.36009556,0.109714066,0.390839298,-1.0,0.396457033,0.395762697,0.492018026,-1.0,0.434874114,-1.0,-1.0,-1.0,0.480092987,0.585720924,0.363321412,-1.0,-1.0,-1.0,-1.0,0.332154314,0.35578348,0.354746899,-1.0,0.343687771,0.295256038,-1.0,0.447431703,0.395846292,0.398333298,-1.0,-1.0,0.349660409,0.346556439,-1.0,0.516504686,0.389357622,0.540429371,0.342178472,0.362408139,0.313964889,-1.0,-1.0,0.330230125,0.432808061,0.374520309,-1.0,-1.0,0.34084856,0.34084856,0.414497673,0.244429447,-1.0,-1.0,-1.0,0.408371869,0.318244523,0.286257694,0.366416801,0.435634334,-1.0,0.434878685,-1.0,-1.0,-1.0,0.368771952,0.354086137,-1.0,0.484178118,0.453671928,-1.0,-1.0,0.392065866,0.408438762,0.390566967,-1.0,0.453843448,-1.0,0.492814238,-1.0,0.297680102,-1.0,0.293858896,-1.0,0.39052273,-1.0,-1.0,0.235311911,-1.0,0.303710228,-1.0,-1.0,0.278016967,-1.0,0.325737036,-1.0,-1.0,0.41378887,0.296445484,-1.0,0.403533247,-1.0,-1.0,0.476151076,-1.0,0.496948948,0.319865592,-1.0,-1.0,-1.0,0.300214441,0.357912709,-1.0,0.11780613,0.416369186,0.387585848,0.301031151,0.469614751,-1.0,0.319009973,0.183303571,0.405530467,-1.0,0.461867785,0.433092732,0.301296006,0.45753161,0.335684601,-1.0,-1.0,0.172822599,-1.0,-1.0,-1.0,0.3017428,-1.0,-1.0,-1.0,0.262129612,0.394612607,-1.0,-1.0,-1.0
11,540.0,0.4118119900909153,-0.12401199562580424,-0.2712496458777752,0.11141359711588125,-0.6781243919745809,-0.8137440971491843,0.029547832545831466,-0.11183821049603532,0.17372753894845944,0.24867182731121432,-0.227602556246715,-0.1389788696402356,0.38456669068710914,-0.7188454830173312,0.2232134127621432,0.17619793444410967,0.08884006474483461,-0.23938296199999998,-0.25856783549179885,-0.0101638871928183,-0.024066210590394196,-0.8494476939101722,-0.02920304542985952,-0.40273273539524246,-0.023115246753239664,-0.3409606272349343,-0.7435780014219528,0.261417929509198,0.33931690533511555,0.281462976807159,0.166139280233507,0.5016869476981196,-0.6335491256277073,0.16033555012501133,0.16033555012501133,-0.7233664369080199,0.6700814187720888,0.3863148706754418,-0.38526213589560493,0.1294793234546443,-0.19280374732813776,-0.6850301641771636,0.46053823787621206,-0.24447731967120523,-0.16132390396753513,0.12777996240582234,0.2046790672982329,-0.47864472454431356,0.0892282013816493,-0.32858314466196203,-0.7420262181141368,-0.22788693913638425,-0.6824183723376755,0.25025562051159944,-0.6706991839962393,0.18804975469714547,0.013775529881490667,-0.24051978886248299,-0.4355112490673766,0.20903543299290894,0.29351576412265523,0.03733493795228819,-0.029274653716900745,0.008984106719483489,-0.6208604856024015,-0.9652469415496148,0.15659187514703216,-0.8897042512337563,0.28114536661742184,-0.36763291574397367,-0.8966540051307885,0.40137673369374716,-0.44767976795969644,0.04817935089653376,-0.139274103836792,-0.168882639385614,-0.5111266781959674,0.14761948950777076,-0.4956120463402809,-0.8447438866487992,0.2782090245675578,-0.6972393253830539,-0.6442428481667422,-0.6090408245801314,-0.28736024639302216,-0.02656280731862257,-0.7246058530504305,-0.7246058530504305,-0.8415200702728591,-0.26049017187956497,-0.5682816531779338,0.35600269624231984,-0.4244767646971681,0.33763427203851387,-0.00035337106470322704,-0.30733894163459446,-0.1488788675949026,-1.0,0.5182782861654055,-0.5433018866920027,-0.8015400565463298,-0.2446461426714998,0.2819017645404848,-0.2921326431785682,-0.38445409968008604,-0.08201773092691417,-0.2330866729550068,-0.1726130096434073,0.24451638393416406,0.4976126087830085,-0.574644202727073,0.38830137136633447,-0.6231394106357725,-0.46085068155480297,-0.4892210010095378,0.09596728050883557,0.5202462181574082,-0.2154005637606706,-0.8296464916879928,-0.27607918233355233,-0.0666095284647032,-0.42127025480604896,-0.6666518378841413,0.3521105943419347,-0.4458407330430674,-0.44816856342177164,0.15872490184689625,0.3235874704157907,-0.2086156150957861,0.418169219721885,0.23768304788346173,0.3231782511446534,-0.46963374195423646,-0.9021616371647486,-0.07395746975548254,-0.20140197366794294,-0.5766887908669913,-0.118453400354667,0.185296956337517,0.1416910325580199,-0.15522326888121885,-0.4134430125227005,-0.2698481519409153,-0.3304615354648845,-0.3304615354648845,-0.1794256052180562,0.25040039648047124,-0.0051387125869279335,-0.5810666412888084,-0.6692141789459447,0.202056444665768,0.202056444665768,-0.1101987361436339,0.048203363522088774,-0.6590871931429995,-0.25488892397784324,0.11578343605604893,-0.1397264950688491,0.2403342337661305,-0.11144952837727687,0.3829575412688944,0.23798504737899862,-0.4321345763616222,0.3869033952696873,-0.45687691747915726,-0.27735516886116895,-0.04654241209356591,-0.20009276567136386,-0.43813406965527857,-0.7706246147168329,0.47711189482600813,-0.06423052045240146,-0.5895616872016539,-0.6887546076940869,-0.0811208006937019,0.3958871384150431,0.2957856928510195,-0.5040824462408019,-0.46092769662326694,-0.5040824462408019,0.5099117696497282,-0.43421101767834147,-0.011873888105822378,-0.10941389270256006,0.0690925777929769,-0.05440019542895333,-0.22584835193692787,-0.3260718378511101,-0.30301253365079295,0.09842388309757585,-0.8008842538954689,0.15546707939707752,-0.19310470328473042,-0.19310470328473042,-0.2672791066111917,-0.49343295948484367,-0.03130572849381519,-0.67586994653029,-0.8573750004245129,0.30835031429836884,-0.6709793444451292,-0.3560480246205936,-0.1670112931430675,-0.715754928437381,-0.5510901743427956,0.22532788235475756,-0.6952351356968509,0.5006979170585864,0.30559599106216584,-0.6009150215030585,-0.37311312947811504,-0.23496513444204808,0.11196400592655184,-0.040933717472111435,-0.5755654608288627,-0.6182655663716583,-0.2555020148622338,-0.2234139688350929,0.09341781954034889,0.2735956811789307,0.15688227448939734,0.10283027541461262,-0.2755717777522655,0.1050230211023335,-0.522684592182125,0.4576724309887404,0.4173157184489579,0.13769611526085182,-0.008458261048889915,0.32754090785425916,-0.6620779364620979,-0.6620779364620979,-0.16370599790548254,-0.12528097271067062,-0.2451750874855459,-0.5509914334178749,0.1399759162175124,-0.04599617294762117,-0.04599617294762117,-0.691515985576869,-0.16600637393973722,0.056269105994653394,-0.8507265302956502,-0.41901119775115536,-0.22065560974662438
12,15.0,0.493651285,0.373014283,0.357310705,0.413952337,0.151351101,0.328577126,0.381588226,0.373053482,0.120003454,0.251488809,-1.0,0.247809098,0.480833459,-1.0,0.352844337,-1.0,0.380143273,0.373695725,-1.0,-1.0,0.444346197,-1.0,0.365499273,0.446406179,0.341131406,0.368419577,-1.0,0.380143273,0.347431387,0.472804144,-1.0,0.47072428,-1.0,0.386092064,0.386092064,-1.0,0.660125705,0.394353879,0.434952376,-1.0,0.304026387,-1.0,0.540772257,-1.0,0.428122044,0.420286299,0.297504121,0.31333419,0.432283073,-1.0,0.339081341,-1.0,-1.0,0.328499709,0.353534881,0.281590655,0.450478782,0.417103016,-1.0,0.439127691,0.390369168,0.33746556,0.402410151,0.348708434,-1.0,-1.0,0.401779802,-1.0,0.30189818,0.181038428,-1.0,0.406129202,0.429745158,0.291277224,-1.0,0.247539745,0.35886633,0.544341323,-1.0,-1.0,-1.0,0.149180309,0.412558005,0.239029791,-1.0,0.33018122,0.368227113,0.368227113,-1.0,0.277832489,0.272552069,0.368447039,0.321996423,0.423951772,0.363840511,0.350979182,0.336759768,-1.0,0.552353621,0.394187612,-1.0,0.337599693,-1.0,-1.0,0.210034644,0.356001089,0.35576527,0.418532502,0.48407313,0.476521295,-1.0,0.450202539,-1.0,-1.0,0.421894463,0.489773812,0.558504827,-1.0,-1.0,0.291297208,0.345000243,0.321435852,0.294321373,0.355760023,0.420286299,0.326693855,0.326485419,0.43076961,0.374402242,0.426293612,0.370988373,0.451801237,0.285958547,-1.0,0.310462602,-1.0,0.348521399,-1.0,-1.0,0.57541483,-1.0,-1.0,-1.0,0.424815419,0.424815419,-1.0,0.507256463,0.540522208,0.359200644,0.434333828,0.389457904,0.389457904,0.393369268,0.246549913,-1.0,0.42882626,0.46000429,-1.0,0.320065693,0.336630864,0.382536547,0.416150401,-1.0,0.459182348,0.338533233,0.324057811,-1.0,-1.0,0.319423431,0.37365247,0.465982205,0.340049898,-1.0,-1.0,-1.0,0.399000955,-1.0,-1.0,-1.0,-1.0,0.511057875,-1.0,-1.0,0.296681164,0.268485137,0.30949106,0.375926065,-1.0,0.391153422,0.211396428,0.282144835,0.29862061,-1.0,-1.0,0.247492528,-1.0,-1.0,-1.0,0.275704519,0.414240435,0.328984261,-1.0,0.292551735,-1.0,0.352833506,0.487218674,0.349884309,0.561787186,0.363696116,0.337797346,0.359195587,0.383739519,0.293062865,0.342914388,0.323331105,-1.0,0.317024349,0.251438711,-1.0,0.456367422,0.376397695,0.289637636,-1.0,0.392501279,0.324727548,0.471003296,0.447733102,0.317231299,0.181038428,0.314463294,0.316304398,0.316304398,0.259237119,-1.0,0.346142326,-1.0,0.322958131,0.287339593,0.287339593,-1.0,0.430916707,0.417933297,0.264373722,0.268728266,-1.0
13,30.0,0.485687836,0.372742926,0.421077015,0.359918105,0.659324165,0.331434563,0.353064257,-1.0,0.302376532,0.321337056,0.327922964,0.24857691,0.371503463,0.408176032,0.329320042,0.329320042,0.398466216,-1.0,-1.0,-1.0,0.389806749,-1.0,-1.0,-1.0,0.306211711,0.379945235,0.363590779,0.397632731,0.336560972,0.465919884,0.333389246,0.524900709,0.329672818,0.45202408,0.45202408,-1.0,0.645180614,0.389698124,-1.0,0.330741017,0.349042706,0.35830129,0.515508509,0.378852116,-1.0,-1.0,-1.0,0.069168644,0.466960849,-1.0,-1.0,-1.0,0.290199737,0.449075007,-1.0,0.309769293,-1.0,0.441086192,0.397001572,-1.0,0.414618043,0.388838818,0.302383803,-1.0,0.341989674,-1.0,0.34967791,-1.0,0.368541317,-1.0,-1.0,0.424901559,0.45022115,0.294027803,0.352811362,-1.0,0.298479549,0.586812908,0.168302019,-1.0,0.483581388,-1.0,-1.0,0.458987283,-1.0,0.29733628,-1.0,-1.0,-1.0,-1.0,-1.0,0.390788035,-1.0,0.359467446,0.43920477,0.269599016,0.36239322,-1.0,0.541394049,0.307962503,0.347035721,-1.0,0.402190904,0.299301227,0.270125608,-1.0,0.343619567,-1.0,0.299357585,0.513847544,-1.0,0.476227513,-1.0,0.470804967,0.23578034,0.498158993,0.544275401,0.31870012,-1.0,-1.0,0.317096913,0.351835488,-1.0,0.371819184,-1.0,-1.0,0.364667896,0.296540814,0.39476924,0.387730439,0.382216583,0.43871307,0.291063573,-1.0,-1.0,0.38488268,-1.0,-1.0,0.45891563,0.550076425,0.453251305,-1.0,0.311491033,0.345320499,0.345320499,0.317152731,0.479386457,0.32187874,0.300598729,-1.0,0.394625958,0.394625958,0.418366263,0.270125608,-1.0,0.428621173,0.430651592,-1.0,0.431245204,0.300139279,0.384603519,-1.0,-1.0,0.455618627,0.436523201,0.284536989,0.395202215,-1.0,-1.0,0.240329433,0.43507458,0.462800192,-1.0,-1.0,-1.0,0.394948031,0.335346044,-1.0,-1.0,-1.0,0.544186143,-1.0,0.301284275,0.381805856,-1.0,0.326937911,-1.0,-1.0,0.355890018,0.24006402,-1.0,0.311942483,0.420098265,0.420098265,0.324914937,0.244591185,-1.0,-1.0,-1.0,0.446234738,-1.0,-1.0,0.420522869,-1.0,0.426281318,0.515216044,0.472495862,0.512083085,0.323306337,0.286441671,0.344323734,0.330087196,0.316650192,0.305013312,-1.0,-1.0,0.296699423,0.323716406,0.426338629,0.494842071,0.393016832,0.30615239,0.25808917,0.394625958,-1.0,0.483437064,0.422082207,0.314706824,-1.0,0.320706701,0.339927339,0.339927339,0.168671775,-1.0,0.334877775,-1.0,0.153925741,0.226043479,0.226043479,0.304397583,0.387396778,0.422527696,-1.0,-1.0,0.328455056
14,60.0,0.363939118501971,0.04452285886844137,-0.15044416251030812,0.2531701384661305,-0.6650590768913004,-0.5448249740898278,0.028934281620231053,-0.2853356507352741,0.08566984605856368,0.1743235957773674,-0.08705693770208428,0.12917439276483916,0.4143991466878341,-0.4262263160286588,0.1183447646236747,0.001694888170978709,0.14962127310224288,-0.567259882,-0.1895009138838242,-0.3368146830090394,0.03015436766425012,-0.6747441018449252,0.25835598887480743,-0.15220732608232898,-0.004720102283461734,-0.3380471849440417,-0.46147867310296775,0.161078333434164,0.34425271990185774,0.4723291234837335,-0.005516745011259622,0.48406280020015857,-0.5494999417386272,0.3169848348786135,0.3169848348786135,-0.8031938376583598,0.6758112642963299,0.39309577446592664,-0.4352627026979611,-0.19864054996846395,0.008210766324059801,-0.333175630515179,0.4060165065116448,-0.22393106161447665,-0.047393256143701865,0.17403645695734027,0.07807744413629364,-0.2572011126360217,0.06878559174612599,-0.33898266366585866,-0.4696664434096511,-0.20452240450657,-0.6585646772185093,0.42184188020022656,-0.6391673818003172,0.09172967038939735,0.18484854969553693,0.19925557586792025,-0.22444553149311283,-0.06141805476205258,0.17114622012700498,0.10128081177992752,0.2852786283086543,-0.019488395484775742,-0.8810796981660626,-0.9137743543271408,0.2523265849032624,-0.7818216265682374,0.03334521845756682,-0.45530996282761665,-0.7914612902214998,0.4142628713053466,-0.19700182264315816,0.08416709949426826,-0.3172154059366561,-0.6648140535108519,-0.3154571795135931,0.5693925824788628,-0.5641343565496149,-0.6690931539669687,-0.004830104949071143,-0.7012434491942002,-0.5480973731907567,-0.5505188195619167,-0.6608972013740825,-0.027927652640598093,-0.7778241600873131,-0.7778241600873131,-0.9976016470420481,-0.5528779755812415,-0.4455290507608971,0.3762148653000453,-0.11208021789662437,0.3464115142859085,-0.04750028364032623,-0.20019493593563661,0.030729490726076145,-1.0,0.5287990022643634,-0.3484379002488672,-0.5660063947792251,-0.13109468020842774,0.1603822979146579,-0.5584913629632533,-0.3680501364474626,-0.5139859566856819,-0.09384019964716811,-0.39839423824694153,0.1360633399983235,0.5013088847797461,-0.508251053436271,0.3239753108606706,-0.5901130033114409,-0.6411046474821251,-0.3179531155425691,0.126306108318532,0.43244396221323067,-0.4332605136539194,-0.9974219584696873,-0.11120830090319436,0.23966054775967377,-0.10721917562961028,-0.6664788100410964,0.3712908385771862,-0.5483766862385364,-0.2650337990451518,-0.09899747584009974,0.32594566813722253,-0.07861024355577707,0.40959181328128685,0.03053863082428638,0.18269737064442682,-0.21673390540144993,-0.7644001735547803,-0.15976093849893522,-0.11496920257378795,-0.43791628607025374,0.06077461236123702,0.32019007466792027,0.15138088450835976,-0.3109228466088129,-0.5536290347414591,-0.18789135715197103,-0.19615399129814232,-0.19615399129814232,-0.31258627205992306,0.1424051852703217,-0.04984730373001814,-0.43580128712985955,-0.2968785427563661,0.035898672879995486,0.035898672879995486,0.04016132418078844,0.14673328904632985,-0.9948408026168555,0.1615392300680109,0.22944796487961033,-0.31979800346286813,0.14231899489562755,0.20302565214868598,0.38770867027732214,0.05216682940056637,-0.8822392263574537,0.33082571303026737,-0.20800065085115543,-0.21819430071291343,0.17226807515246942,-0.44071221416506573,-0.5523848560338921,-0.4440002561696647,0.4682306314966017,-0.18583893781606253,-0.5282487908275715,-0.7807654559137517,0.1370596167091074,0.4048897263987314,0.21149244547521523,-0.7587291543158359,-0.6242218093221341,-0.7587291543158359,0.529883146763276,-0.7768256823909832,-0.0424413282573403,-0.20504467261665157,0.18114352495962846,-0.11244014883611238,-0.5430870198800182,-0.32869058050412325,0.11991293039705488,-0.08084352937328955,-0.562332075654599,0.009395496167716351,-0.030665845828998665,-0.030665845828998665,-0.12952673597014047,0.08565228083486641,-0.47545891702702775,-0.6692981856625057,-0.6938159224196194,0.1803620201796556,-0.6596962779961939,-0.42758225546934747,-0.003258835138536493,-0.7813751945245582,-0.4243965158518124,0.353289659667671,-0.3126449357954463,0.514641118689035,0.32066576683090164,-0.12820540097564567,-0.40711470551871315,-0.07416764701332122,0.2823247835700498,-0.07703530210355683,-0.46768717140720434,-0.8895033800590167,-0.19658455355258267,-0.11170380589463073,-0.20331237612870412,0.4748838410788854,0.28309213711776166,-0.1140681092385818,-0.1598307204727005,0.15686567714438154,-0.6639635885978931,0.47703091390817853,0.42354274671755776,-0.019616818788264646,-0.43397589759587685,0.3282833880086769,-0.2240380629092207,-0.2240380629092207,0.09733052215106479,-0.37740130020391943,0.2633675061108292,-0.38416004180210694,0.31175416288647484,-0.04465553629116448,-0.04465553629116448,-0.3514933555212279,0.03721669922383325,0.04167576629442682,-0.636552503312415,-0.5459136986185773,-0.14967612117317625
15,120.0,0.495813089,0.448301268,-1.0,0.326685171,-1.0,-1.0,0.41792645,-1.0,0.29529016,0.298969205,-1.0,0.244474898,0.405957971,0.384346555,0.358767997,0.358767997,0.352796863,-1.0,-1.0,0.310038468,-1.0,-1.0,0.362494569,-1.0,-1.0,0.321317025,0.344182818,0.385103157,0.326174821,0.475801296,0.336973028,0.482577564,-1.0,-1.0,-1.0,-1.0,0.674827393,0.387145901,0.273952248,-1.0,-1.0,-1.0,0.543960665,0.407089598,0.450147339,0.402576615,0.311040386,0.306336902,0.451181789,-1.0,0.304815945,-1.0,-1.0,0.367556166,-1.0,0.299650218,0.430339991,0.415274939,0.411397162,0.479051776,0.412416244,0.341757701,-1.0,0.297105926,-1.0,-1.0,0.380690063,-1.0,0.293816147,-1.0,-1.0,0.38298112,0.351200986,0.300748662,0.38671004,-1.0,-1.0,0.55223136,-1.0,-1.0,0.564151074,-1.0,-1.0,0.301980515,-1.0,-1.0,-1.0,-1.0,-1.0,-1.0,-1.0,0.341202326,0.394728552,0.307507169,0.424346132,-1.0,0.358681537,-1.0,0.527643584,-1.0,-1.0,0.269666239,0.37373861,0.333969631,0.19949719,-1.0,0.321547551,0.384286415,-1.0,0.491521747,0.198134954,0.444354966,0.259231576,0.363423821,0.37109067,0.476100441,0.566969003,0.344863021,-1.0,-1.0,0.359820642,-1.0,-1.0,0.353979793,-1.0,0.305456765,0.367122827,0.306712643,-1.0,0.429103711,0.377650316,0.380621814,-1.0,-1.0,-1.0,0.354967924,-1.0,-1.0,0.419113553,0.535886993,-1.0,0.373916148,0.369378804,-1.0,-1.0,-1.0,-1.0,-1.0,-1.0,-1.0,0.361149699,0.361149699,0.413615771,0.201037241,-1.0,0.35901253,-1.0,0.33656217,0.357856119,0.240414899,0.393667015,0.268523985,-1.0,0.434822664,-1.0,0.40043278,0.355744964,-1.0,-1.0,-1.0,0.466167918,-1.0,-1.0,-1.0,0.405931992,0.408641775,0.301535673,0.450082806,-1.0,0.450082806,0.518969532,-1.0,0.32857535,-1.0,0.249956918,0.348078066,0.377332535,0.362922494,-1.0,0.243096099,-1.0,0.348617964,-1.0,-1.0,-1.0,0.357265141,0.288218074,-1.0,-1.0,0.421604158,-1.0,0.482619237,0.302272362,-1.0,-1.0,0.458782807,-1.0,0.536315671,0.315217738,-1.0,-1.0,0.282465394,0.283878032,-1.0,-1.0,-1.0,-1.0,-1.0,0.343429636,0.461066245,-1.0,0.35013214,0.299386884,0.335900988,-1.0,0.457832669,0.435208726,0.274405934,0.441911014,0.32492076,-1.0,-1.0,0.356242131,-1.0,0.318793662,0.247273197,0.312850565,0.293106818,0.293106818,0.280663766,0.462777853,0.414776362,-1.0,-1.0,0.288818761
16,960.0,0.463036615,0.426128637,-1.0,-1.0,-1.0,-1.0,0.392629323,0.46323772,0.299728289,0.365456041,-1.0,-1.0,0.358236284,-1.0,0.360732639,0.360732639,-1.0,0.404004714,-1.0,0.33330931,-1.0,-1.0,0.452927341,-1.0,0.341618609,0.333399231,-1.0,0.338109364,0.311945874,-1.0,0.368089752,0.541655835,-1.0,0.383954489,0.383954489,-1.0,0.642175183,0.391835118,-1.0,0.416017947,0.267681629,-1.0,0.470108264,0.41694732,-1.0,0.522298617,0.2928341,-1.0,0.461058685,-1.0,-1.0,0.48909971,-1.0,0.529387601,-1.0,0.315722302,-1.0,-1.0,-1.0,0.381262027,0.414641118,0.350084763,-1.0,0.289207898,0.203905003,-1.0,0.38720365,-1.0,0.510036752,-1.0,-1.0,0.428151791,0.393861101,-1.0,0.420976003,0.494247024,-1.0,-1.0,-1.0,-1.0,0.502187878,-1.0,-1.0,-1.0,-1.0,-1.0,-1.0,-1.0,-1.0,-1.0,-1.0,0.347872377,-1.0,0.206446388,0.431139501,-1.0,-1.0,-1.0,0.456346787,0.310076998,-1.0,0.275130444,0.372484797,-1.0,-1.0,0.350362626,0.349898388,0.433940788,0.279898667,0.512731137,0.267812997,0.464548944,-1.0,0.391835118,0.443159278,0.486960763,0.586789731,0.357960847,-1.0,0.279734209,0.366794787,-1.0,-1.0,0.340769167,-1.0,0.317904856,0.40105967,0.196675653,-1.0,0.417548873,0.391886152,0.354288347,0.404004714,-1.0,0.34461947,-1.0,-1.0,-1.0,0.420536919,0.472175394,0.365955067,-1.0,-1.0,-1.0,-1.0,0.316618446,0.451469805,0.476870053,-1.0,-1.0,0.375211635,0.375211635,0.48909971,0.271539216,0.249419423,-1.0,0.34344624,0.365209769,0.46343839,-1.0,0.3967559,0.469555228,0.28077159,0.443693337,-1.0,0.374767809,0.47607607,-1.0,-1.0,-1.0,0.51666707,-1.0,0.454851923,-1.0,-1.0,0.416381021,0.32570033,0.433081855,-1.0,0.433081855,0.514287465,0.004150471,0.317043994,0.316713181,-1.0,0.31214201,-1.0,0.38858847,-1.0,0.218223651,-1.0,0.281443494,0.466154448,0.466154448,0.255391846,-1.0,0.348362142,-1.0,-1.0,0.4145962,-1.0,0.339963242,0.322724621,-1.0,0.421755607,0.467662237,-1.0,0.3734779,0.28043062,-1.0,0.423168076,-1.0,0.260598952,0.269317674,-1.0,-1.0,-1.0,-1.0,0.374445086,-1.0,0.423168076,0.334174917,-1.0,-1.0,-1.0,0.425176006,0.426616657,0.288972128,0.340568619,0.339495382,-1.0,-1.0,-1.0,0.48522454,-1.0,0.077698855,0.339801214,0.310874923,0.310874923,-1.0,-1.0,-1.0,-1.0,0.426918731,0.359094061
17,540.0,0.4118119900909153,-0.12401199562580424,-0.2712496458777752,0.11141359711588125,-0.6781243919745809,-0.8137440971491843,0.029547832545831466,-0.11183821049603532,0.17372753894845944,0.24867182731121432,-0.227602556246715,-0.1389788696402356,0.38456669068710914,-0.7188454830173312,0.2232134127621432,0.17619793444410967,0.08884006474483461,-0.23938296199999998,-0.25856783549179885,-0.0101638871928183,-0.024066210590394196,-0.8494476939101722,-0.02920304542985952,-0.40273273539524246,-0.023115246753239664,-0.3409606272349343,-0.7435780014219528,0.261417929509198,0.33931690533511555,0.281462976807159,0.166139280233507,0.5016869476981196,-0.6335491256277073,0.16033555012501133,0.16033555012501133,-0.7233664369080199,0.6700814187720888,0.3863148706754418,-0.38526213589560493,0.1294793234546443,-0.19280374732813776,-0.6850301641771636,0.46053823787621206,-0.24447731967120523,-0.16132390396753513,0.12777996240582234,0.2046790672982329,-0.47864472454431356,0.0892282013816493,-0.32858314466196203,-0.7420262181141368,-0.22788693913638425,-0.6824183723376755,0.25025562051159944,-0.6706991839962393,0.18804975469714547,0.013775529881490667,-0.24051978886248299,-0.4355112490673766,0.20903543299290894,0.29351576412265523,0.03733493795228819,-0.029274653716900745,0.008984106719483489,-0.6208604856024015,-0.9652469415496148,0.15659187514703216,-0.8897042512337563,0.28114536661742184,-0.36763291574397367,-0.8966540051307885,0.40137673369374716,-0.44767976795969644,0.04817935089653376,-0.139274103836792,-0.168882639385614,-0.5111266781959674,0.14761948950777076,-0.4956120463402809,-0.8447438866487992,0.2782090245675578,-0.6972393253830539,-0.6442428481667422,-0.6090408245801314,-0.28736024639302216,-0.02656280731862257,-0.7246058530504305,-0.7246058530504305,-0.8415200702728591,-0.26049017187956497,-0.5682816531779338,0.35600269624231984,-0.4244767646971681,0.33763427203851387,-0.00035337106470322704,-0.30733894163459446,-0.1488788675949026,-1.0,0.5182782861654055,-0.5433018866920027,-0.8015400565463298,-0.2446461426714998,0.2819017645404848,-0.2921326431785682,-0.38445409968008604,-0.08201773092691417,-0.2330866729550068,-0.1726130096434073,0.24451638393416406,0.4976126087830085,-0.574644202727073,0.38830137136633447,-0.6231394106357725,-0.46085068155480297,-0.4892210010095378,0.09596728050883557,0.5202462181574082,-0.2154005637606706,-0.8296464916879928,-0.27607918233355233,-0.0666095284647032,-0.42127025480604896,-0.6666518378841413,0.3521105943419347,-0.4458407330430674,-0.44816856342177164,0.15872490184689625,0.3235874704157907,-0.2086156150957861,0.418169219721885,0.23768304788346173,0.3231782511446534,-0.46963374195423646,-0.9021616371647486,-0.07395746975548254,-0.20140197366794294,-0.5766887908669913,-0.118453400354667,0.185296956337517,0.1416910325580199,-0.15522326888121885,-0.4134430125227005,-0.2698481519409153,-0.3304615354648845,-0.3304615354648845,-0.1794256052180562,0.25040039648047124,-0.0051387125869279335,-0.5810666412888084,-0.6692141789459447,0.202056444665768,0.202056444665768,-0.1101987361436339,0.048203363522088774,-0.6590871931429995,-0.25488892397784324,0.11578343605604893,-0.1397264950688491,0.2403342337661305,-0.11144952837727687,0.3829575412688944,0.23798504737899862,-0.4321345763616222,0.3869033952696873,-0.45687691747915726,-0.27735516886116895,-0.04654241209356591,-0.20009276567136386,-0.43813406965527857,-0.7706246147168329,0.47711189482600813,-0.06423052045240146,-0.5895616872016539,-0.6887546076940869,-0.0811208006937019,0.3958871384150431,0.2957856928510195,-0.5040824462408019,-0.46092769662326694,-0.5040824462408019,0.5099117696497282,-0.43421101767834147,-0.011873888105822378,-0.10941389270256006,0.0690925777929769,-0.05440019542895333,-0.22584835193692787,-0.3260718378511101,-0.30301253365079295,0.09842388309757585,-0.8008842538954689,0.15546707939707752,-0.19310470328473042,-0.19310470328473042,-0.2672791066111917,-0.49343295948484367,-0.03130572849381519,-0.67586994653029,-0.8573750004245129,0.30835031429836884,-0.6709793444451292,-0.3560480246205936,-0.1670112931430675,-0.715754928437381,-0.5510901743427956,0.22532788235475756,-0.6952351356968509,0.5006979170585864,0.30559599106216584,-0.6009150215030585,-0.37311312947811504,-0.23496513444204808,0.11196400592655184,-0.040933717472111435,-0.5755654608288627,-0.6182655663716583,-0.2555020148622338,-0.2234139688350929,0.09341781954034889,0.2735956811789307,0.15688227448939734,0.10283027541461262,-0.2755717777522655,0.1050230211023335,-0.522684592182125,0.4576724309887404,0.4173157184489579,0.13769611526085182,-0.008458261048889915,0.32754090785425916,-0.6620779364620979,-0.6620779364620979,-0.16370599790548254,-0.12528097271067062,-0.2451750874855459,-0.5509914334178749,0.1399759162175124,-0.04599617294762117,-0.04599617294762117,-0.691515985576869,-0.16600637393973722,0.056269105994653394,-0.8507265302956502,-0.41901119775115536,-0.22065560974662438
18,15.0,0.477416564,-1.0,0.364485052,0.327428006,-1.0,0.344179143,-1.0,-1.0,0.31464754,0.247748033,0.385197715,0.271736549,0.471486546,-1.0,0.364709831,0.364709831,-1.0,-1.0,-1.0,0.264154752,0.354178271,0.253609905,0.383006427,0.482609157,0.336562773,0.274390703,0.36592262,0.382295296,0.351628414,0.479492416,0.318516645,0.507914496,-1.0,0.450993019,0.450993019,-1.0,0.682360078,0.409540912,-1.0,-1.0,0.252811263,0.313796147,0.514229013,0.347894498,0.451269264,0.389167098,-1.0,-1.0,0.463032617,0.323523994,-1.0,0.178930111,-1.0,0.410838275,-1.0,0.309867605,0.622484202,0.388929669,-1.0,-1.0,0.407763257,-1.0,0.412876188,0.212261258,-1.0,0.0,0.352392749,-1.0,0.367235887,-1.0,-1.0,0.437140646,0.398641544,0.333521508,0.418282579,-1.0,0.305091075,0.581218052,0.193525183,-1.0,0.469187089,-1.0,-1.0,0.343625948,-1.0,-1.0,-1.0,-1.0,-1.0,-1.0,-1.0,0.38701906,-1.0,0.238199877,-1.0,0.390233395,-1.0,-1.0,0.478709919,0.373217423,0.267966379,-1.0,-1.0,-1.0,-1.0,0.418377016,0.372645999,0.410953386,0.239481407,0.497548294,-1.0,0.46953657,-1.0,-1.0,0.40379905,-1.0,0.574923734,0.357853553,-1.0,0.335791634,0.340709437,0.350080579,-1.0,0.387233916,0.319964729,-1.0,0.305076394,0.254696351,0.414902942,0.429803536,0.380821084,-1.0,0.336562773,-1.0,-1.0,-1.0,-1.0,0.424928166,0.487347038,-1.0,-1.0,-1.0,-1.0,0.26849069,0.26849069,0.324914832,0.519476969,0.280161427,0.243573477,-1.0,0.3831388,0.3831388,0.354953138,-1.0,-1.0,-1.0,0.389473775,0.366337172,0.182976829,0.301282593,0.39383843,0.353737078,0.273831522,0.469221187,-1.0,-1.0,0.382016294,-1.0,-1.0,-1.0,0.454965251,0.341026992,-1.0,-1.0,0.384520255,0.411195928,0.324026928,-1.0,-1.0,-1.0,0.542457854,-1.0,0.22845542,0.361403233,0.334901855,0.32514731,-1.0,0.349693674,0.36995388,0.257192648,-1.0,-1.0,0.417658458,0.417658458,-1.0,0.302066284,-1.0,-1.0,-1.0,0.429228069,0.36446395,0.366866479,-1.0,-1.0,-1.0,0.529463449,-1.0,0.460167963,0.349825568,-1.0,0.38462785,0.37026497,0.319716589,0.333236257,-1.0,-1.0,-1.0,-1.0,0.390976273,0.484970967,0.371934843,0.350490416,-1.0,-1.0,-1.0,0.485504482,0.439378139,-1.0,-1.0,0.323206211,0.316179329,0.316179329,0.425180678,0.474280772,0.328597382,0.212869412,0.31462948,0.297713551,0.297713551,0.27457635,0.422360718,0.42253386,-1.0,-1.0,0.324668803
19,30.0,0.473942811,0.389822714,0.30973111,0.387030915,-1.0,-1.0,0.30973111,0.423366355,0.282853049,0.290156216,0.504759742,0.254033514,0.370102704,0.42318279,0.314682541,0.314682541,0.386885068,0.293025681,0.386990704,0.304831342,0.419447189,-1.0,0.38844722,-1.0,0.30983862,-1.0,-1.0,0.397968103,0.357814515,0.496268237,0.355732211,0.502350036,-1.0,0.440416797,0.440416797,0.145798304,0.661181614,0.386086395,-1.0,0.348025454,0.272970123,-1.0,0.528991325,0.2690128,0.413382995,-1.0,0.293141952,0.290952796,-1.0,-1.0,0.217654594,0.414462146,0.324020195,0.514254071,0.369041079,0.313749077,-1.0,0.405207852,-1.0,0.525750384,0.383240821,0.334210781,0.468409654,0.36261869,-1.0,-1.0,0.325363813,-1.0,0.329439838,-1.0,-1.0,0.405985282,-1.0,-1.0,-1.0,-1.0,0.276323692,0.575973414,0.396840273,-1.0,0.477879153,-1.0,0.258701714,-1.0,-1.0,-1.0,-1.0,-1.0,-1.0,-1.0,0.327524522,0.378466102,0.346909012,0.431324861,-1.0,-1.0,-1.0,-1.0,0.542397336,-1.0,0.38180587,0.287085896,0.421187892,-1.0,-1.0,-1.0,-1.0,0.421752877,0.500213194,0.50379623,0.207508234,0.43566602,0.296497307,-1.0,-1.0,0.48968463,0.563492984,0.298861716,-1.0,0.270647442,0.366254028,0.335691251,-1.0,0.353702906,0.26534318,0.279001171,0.348170755,0.409698885,-1.0,0.395097048,-1.0,0.481048263,0.328309793,-1.0,-1.0,0.357448804,0.344021686,0.373936979,0.434516865,0.539863635,0.220963957,0.339098582,0.475755431,0.340054306,0.340054306,0.295327913,0.475633753,0.459660912,0.286665565,-1.0,0.397011904,0.397011904,-1.0,0.260795766,-1.0,0.475098799,0.480196654,0.306689368,0.32555808,0.294437334,0.384359557,0.489870465,-1.0,0.446303712,-1.0,-1.0,0.440549504,0.306334889,-1.0,-1.0,0.487574717,-1.0,0.36839822,-1.0,0.362048055,0.399671814,0.318516853,0.461975976,-1.0,0.461975976,0.539569278,-1.0,0.306083779,-1.0,0.285738269,-1.0,-1.0,0.325640934,0.352885845,0.189658488,-1.0,-1.0,0.427760295,0.427760295,0.299927237,0.279661032,0.262378258,0.420100271,-1.0,0.422482591,-1.0,-1.0,0.283220189,0.317582072,-1.0,0.468013941,0.291181964,0.540026871,0.302981362,0.289431956,0.400592424,-1.0,0.279870369,0.469202264,0.301773018,0.24164568,-1.0,-1.0,-1.0,0.481738441,0.399658658,0.302278305,0.253460173,0.37430664,0.316613072,0.473879807,0.410552851,0.264399324,0.369053281,0.30937532,-1.0,-1.0,0.311055287,0.451503726,0.325998793,-1.0,0.324209379,-1.0,-1.0,0.235078641,0.360354983,-1.0,0.325795722,-1.0,0.285646827
20,60.0,0.363939118501971,0.04452285886844137,-0.15044416251030812,0.2531701384661305,-0.6650590768913004,-0.5448249740898278,0.028934281620231053,-0.2853356507352741,0.08566984605856368,0.1743235957773674,-0.08705693770208428,0.12917439276483916,0.4143991466878341,-0.4262263160286588,0.1183447646236747,0.001694888170978709,0.14962127310224288,-0.567259882,-0.1895009138838242,-0.3368146830090394,0.03015436766425012,-0.6747441018449252,0.25835598887480743,-0.15220732608232898,-0.004720102283461734,-0.3380471849440417,-0.46147867310296775,0.161078333434164,0.34425271990185774,0.4723291234837335,-0.005516745011259622,0.48406280020015857,-0.5494999417386272,0.3169848348786135,0.3169848348786135,-0.8031938376583598,0.6758112642963299,0.39309577446592664,-0.4352627026979611,-0.19864054996846395,0.008210766324059801,-0.333175630515179,0.4060165065116448,-0.22393106161447665,-0.047393256143701865,0.17403645695734027,0.07807744413629364,-0.2572011126360217,0.06878559174612599,-0.33898266366585866,-0.4696664434096511,-0.20452240450657,-0.6585646772185093,0.42184188020022656,-0.6391673818003172,0.09172967038939735,0.18484854969553693,0.19925557586792025,-0.22444553149311283,-0.06141805476205258,0.17114622012700498,0.10128081177992752,0.2852786283086543,-0.019488395484775742,-0.8810796981660626,-0.9137743543271408,0.2523265849032624,-0.7818216265682374,0.03334521845756682,-0.45530996282761665,-0.7914612902214998,0.4142628713053466,-0.19700182264315816,0.08416709949426826,-0.3172154059366561,-0.6648140535108519,-0.3154571795135931,0.5693925824788628,-0.5641343565496149,-0.6690931539669687,-0.004830104949071143,-0.7012434491942002,-0.5480973731907567,-0.5505188195619167,-0.6608972013740825,-0.027927652640598093,-0.7778241600873131,-0.7778241600873131,-0.9976016470420481,-0.5528779755812415,-0.4455290507608971,0.3762148653000453,-0.11208021789662437,0.3464115142859085,-0.04750028364032623,-0.20019493593563661,0.030729490726076145,-1.0,0.5287990022643634,-0.3484379002488672,-0.5660063947792251,-0.13109468020842774,0.1603822979146579,-0.5584913629632533,-0.3680501364474626,-0.5139859566856819,-0.09384019964716811,-0.39839423824694153,0.1360633399983235,0.5013088847797461,-0.508251053436271,0.3239753108606706,-0.5901130033114409,-0.6411046474821251,-0.3179531155425691,0.126306108318532,0.43244396221323067,-0.4332605136539194,-0.9974219584696873,-0.11120830090319436,0.23966054775967377,-0.10721917562961028,-0.6664788100410964,0.3712908385771862,-0.5483766862385364,-0.2650337990451518,-0.09899747584009974,0.32594566813722253,-0.07861024355577707,0.40959181328128685,0.03053863082428638,0.18269737064442682,-0.21673390540144993,-0.7644001735547803,-0.15976093849893522,-0.11496920257378795,-0.43791628607025374,0.06077461236123702,0.32019007466792027,0.15138088450835976,-0.3109228466088129,-0.5536290347414591,-0.18789135715197103,-0.19615399129814232,-0.19615399129814232,-0.31258627205992306,0.1424051852703217,-0.04984730373001814,-0.43580128712985955,-0.2968785427563661,0.035898672879995486,0.035898672879995486,0.04016132418078844,0.14673328904632985,-0.9948408026168555,0.1615392300680109,0.22944796487961033,-0.31979800346286813,0.14231899489562755,0.20302565214868598,0.38770867027732214,0.05216682940056637,-0.8822392263574537,0.33082571303026737,-0.20800065085115543,-0.21819430071291343,0.17226807515246942,-0.44071221416506573,-0.5523848560338921,-0.4440002561696647,0.4682306314966017,-0.18583893781606253,-0.5282487908275715,-0.7807654559137517,0.1370596167091074,0.4048897263987314,0.21149244547521523,-0.7587291543158359,-0.6242218093221341,-0.7587291543158359,0.529883146763276,-0.7768256823909832,-0.0424413282573403,-0.20504467261665157,0.18114352495962846,-0.11244014883611238,-0.5430870198800182,-0.32869058050412325,0.11991293039705488,-0.08084352937328955,-0.562332075654599,0.009395496167716351,-0.030665845828998665,-0.030665845828998665,-0.12952673597014047,0.08565228083486641,-0.47545891702702775,-0.6692981856625057,-0.6938159224196194,0.1803620201796556,-0.6596962779961939,-0.42758225546934747,-0.003258835138536493,-0.7813751945245582,-0.4243965158518124,0.353289659667671,-0.3126449357954463,0.514641118689035,0.32066576683090164,-0.12820540097564567,-0.40711470551871315,-0.07416764701332122,0.2823247835700498,-0.07703530210355683,-0.46768717140720434,-0.8895033800590167,-0.19658455355258267,-0.11170380589463073,-0.20331237612870412,0.4748838410788854,0.28309213711776166,-0.1140681092385818,-0.1598307204727005,0.15686567714438154,-0.6639635885978931,0.47703091390817853,0.42354274671755776,-0.019616818788264646,-0.43397589759587685,0.3282833880086769,-0.2240380629092207,-0.2240380629092207,0.09733052215106479,-0.37740130020391943,0.2633675061108292,-0.38416004180210694,0.31175416288647484,-0.04465553629116448,-0.04465553629116448,-0.3514933555212279,0.03721669922383325,0.04167576629442682,-0.636552503312415,-0.5459136986185773,-0.14967612117317625
21,120.0,0.45079517,0.454411327,-1.0,0.333522807,-1.0,-1.0,0.382098123,0.24145004,0.307377432,0.315842448,-1.0,0.239133573,0.402605365,-1.0,0.330772161,0.330772161,0.339705523,0.238551029,0.392128235,-1.0,0.37343367,-1.0,0.412497491,0.492909749,0.300655606,-1.0,-1.0,0.37678972,0.323618346,0.46137582,0.378217067,0.535741484,-1.0,0.422544472,0.422544472,-1.0,0.676127572,0.381609536,-1.0,0.383218215,-1.0,0.334940578,-1.0,0.435260285,0.483151236,0.446367633,0.281592064,0.358353687,0.458315729,-1.0,0.34551156,0.453966244,-1.0,0.45895609,-1.0,0.287876855,0.508740237,-1.0,-1.0,0.246877007,0.416415875,-1.0,0.466935888,0.350070301,-1.0,-1.0,0.400196499,0.323713292,0.39389348,0.372950885,-1.0,0.407112976,-1.0,0.334776335,-1.0,-1.0,-1.0,0.587299469,-1.0,-1.0,0.569727165,-1.0,-1.0,-1.0,0.531111422,0.220975494,-1.0,-1.0,-1.0,0.338245971,-1.0,0.378121744,-1.0,0.26558053,-1.0,-1.0,-1.0,-1.0,0.490849791,-1.0,0.210028958,-1.0,0.407992472,-1.0,-1.0,-1.0,0.304739869,-1.0,-1.0,0.514474825,0.255985513,0.469453342,-1.0,-1.0,0.282373906,-1.0,0.5560888,-1.0,-1.0,-1.0,0.365666937,-1.0,-1.0,0.359184079,0.334776335,0.281422635,0.368149603,0.206129689,0.521870299,0.409916541,0.416150458,0.389477607,0.386662031,-1.0,0.304668291,0.339764199,-1.0,0.492965042,0.453597928,-1.0,0.393581866,-1.0,-1.0,0.280196805,0.280196805,-1.0,0.398960567,0.431569153,-1.0,-1.0,-1.0,-1.0,0.42443494,0.266441178,-1.0,0.355379187,0.466314121,0.419510458,-1.0,-1.0,0.420421463,0.453966244,-1.0,0.45028272,0.363541069,-1.0,0.366254126,-1.0,0.353291965,-1.0,0.483523274,0.444863132,0.471952795,0.42256416,0.375764951,0.415358126,0.32306044,-1.0,-1.0,-1.0,0.529532614,-1.0,0.291513451,0.378679582,0.283888227,-1.0,0.387476064,-1.0,0.330075561,0.279217271,-1.0,-1.0,-1.0,-1.0,0.277183176,0.259440352,-1.0,-1.0,-1.0,0.43886624,0.371753242,0.42443494,0.366636334,0.354718665,-1.0,0.467432259,0.288612669,0.437294317,0.299133054,0.327759178,-1.0,-1.0,0.283235941,-1.0,-1.0,-1.0,-1.0,0.434964556,0.381725809,0.489407863,0.414717636,-1.0,-1.0,0.438190117,-1.0,0.451356769,0.405366478,-1.0,-1.0,0.368474718,-1.0,-1.0,-1.0,-1.0,0.324183155,0.187232457,0.361471898,0.296150996,0.296150996,0.355379187,0.440881681,0.39883352,-1.0,-1.0,0.33550006
22,960.0,0.480612575,-1.0,-1.0,0.34593177,-1.0,-1.0,0.296789393,0.368920544,0.288526555,0.266859415,0.323600949,0.20990538,0.318126277,-1.0,0.320447648,0.320447648,0.447095689,0.348290907,-1.0,0.260056047,0.351873674,-1.0,-1.0,-1.0,0.318049809,0.294031052,-1.0,0.375312406,0.36559848,0.477333382,0.208825974,0.50650988,-1.0,-1.0,-1.0,-1.0,0.654632863,0.357293053,-1.0,0.416625796,-1.0,-1.0,0.575950745,0.398610213,-1.0,0.366584686,0.303379432,-1.0,0.447863743,-1.0,-1.0,-1.0,-1.0,0.427345909,0.366764565,0.291550044,0.356271701,-1.0,-1.0,0.447410427,0.421699725,0.368968966,0.370701453,0.360031785,-1.0,-1.0,0.406052499,-1.0,0.525065645,-1.0,-1.0,0.351362932,-1.0,0.310361148,0.295289302,0.291420253,-1.0,0.538608324,0.128389705,-1.0,0.491226101,-1.0,0.271761983,-1.0,0.308434214,0.307166661,-1.0,-1.0,-1.0,0.443844954,-1.0,0.327282558,-1.0,0.38884349,0.387083421,0.304259101,0.351304382,-1.0,0.531129428,-1.0,-1.0,-1.0,0.355119608,0.246976599,-1.0,0.341571816,-1.0,0.410232307,0.442999168,0.476095312,-1.0,0.424454427,0.298949284,0.389291702,-1.0,-1.0,0.566363891,-1.0,-1.0,-1.0,-1.0,-1.0,-1.0,0.331660696,-1.0,-1.0,0.357031885,0.385850859,0.432145888,0.425358063,0.373860091,0.460653299,-1.0,-1.0,-1.0,-1.0,-1.0,0.367848821,0.39206857,-1.0,0.333444112,0.36107867,0.376173,0.243775632,0.243775632,-1.0,0.404150961,-1.0,0.383376918,-1.0,0.363613263,0.363613263,-1.0,-1.0,-1.0,0.389757104,0.527427922,0.303732302,0.402904627,0.257270471,0.378789551,0.319276131,0.247005915,0.426112592,0.341920804,-1.0,-1.0,0.352468415,0.355777705,-1.0,0.475581238,0.432145888,-1.0,-1.0,-1.0,0.361466585,0.354407259,0.393212366,-1.0,0.393212366,0.472935683,0.262980789,0.268916833,0.375690251,0.242966653,0.320498694,0.378320268,0.313114955,-1.0,0.209797666,-1.0,0.231991178,0.425437084,0.425437084,-1.0,-1.0,0.293304507,-1.0,-1.0,0.416846307,-1.0,0.305784702,-1.0,-1.0,-1.0,-1.0,-1.0,0.538285354,0.314257317,-1.0,0.440744352,0.345760941,0.287537198,0.428177208,-1.0,0.408872985,-1.0,-1.0,0.351960948,0.443982477,0.408798192,0.351187171,-1.0,0.35151645,0.334089825,0.434551307,0.390786229,0.27331475,0.368920544,0.292568085,-1.0,-1.0,-1.0,0.508053727,0.322182641,-1.0,-1.0,0.238928062,0.238928062,-1.0,0.344359191,0.35659727,-1.0,-1.0,0.32085014
23,540.0,0.4118119900909153,-0.12401199562580424,-0.2712496458777752,0.11141359711588125,-0.6781243919745809,-0.8137440971491843,0.029547832545831466,-0.11183821049603532,0.17372753894845944,0.24867182731121432,-0.227602556246715,-0.1389788696402356,0.38456669068710914,-0.7188454830173312,0.2232134127621432,0.17619793444410967,0.08884006474483461,-0.23938296199999998,-0.25856783549179885,-0.0101638871928183,-0.024066210590394196,-0.8494476939101722,-0.02920304542985952,-0.40273273539524246,-0.023115246753239664,-0.3409606272349343,-0.7435780014219528,0.261417929509198,0.33931690533511555,0.281462976807159,0.166139280233507,0.5016869476981196,-0.6335491256277073,0.16033555012501133,0.16033555012501133,-0.7233664369080199,0.6700814187720888,0.3863148706754418,-0.38526213589560493,0.1294793234546443,-0.19280374732813776,-0.6850301641771636,0.46053823787621206,-0.24447731967120523,-0.16132390396753513,0.12777996240582234,0.2046790672982329,-0.47864472454431356,0.0892282013816493,-0.32858314466196203,-0.7420262181141368,-0.22788693913638425,-0.6824183723376755,0.25025562051159944,-0.6706991839962393,0.18804975469714547,0.013775529881490667,-0.24051978886248299,-0.4355112490673766,0.20903543299290894,0.29351576412265523,0.03733493795228819,-0.029274653716900745,0.008984106719483489,-0.6208604856024015,-0.9652469415496148,0.15659187514703216,-0.8897042512337563,0.28114536661742184,-0.36763291574397367,-0.8966540051307885,0.40137673369374716,-0.44767976795969644,0.04817935089653376,-0.139274103836792,-0.168882639385614,-0.5111266781959674,0.14761948950777076,-0.4956120463402809,-0.8447438866487992,0.2782090245675578,-0.6972393253830539,-0.6442428481667422,-0.6090408245801314,-0.28736024639302216,-0.02656280731862257,-0.7246058530504305,-0.7246058530504305,-0.8415200702728591,-0.26049017187956497,-0.5682816531779338,0.35600269624231984,-0.4244767646971681,0.33763427203851387,-0.00035337106470322704,-0.30733894163459446,-0.1488788675949026,-1.0,0.5182782861654055,-0.5433018866920027,-0.8015400565463298,-0.2446461426714998,0.2819017645404848,-0.2921326431785682,-0.38445409968008604,-0.08201773092691417,-0.2330866729550068,-0.1726130096434073,0.24451638393416406,0.4976126087830085,-0.574644202727073,0.38830137136633447,-0.6231394106357725,-0.46085068155480297,-0.4892210010095378,0.09596728050883557,0.5202462181574082,-0.2154005637606706,-0.8296464916879928,-0.27607918233355233,-0.0666095284647032,-0.42127025480604896,-0.6666518378841413,0.3521105943419347,-0.4458407330430674,-0.44816856342177164,0.15872490184689625,0.3235874704157907,-0.2086156150957861,0.418169219721885,0.23768304788346173,0.3231782511446534,-0.46963374195423646,-0.9021616371647486,-0.07395746975548254,-0.20140197366794294,-0.5766887908669913,-0.118453400354667,0.185296956337517,0.1416910325580199,-0.15522326888121885,-0.4134430125227005,-0.2698481519409153,-0.3304615354648845,-0.3304615354648845,-0.1794256052180562,0.25040039648047124,-0.0051387125869279335,-0.5810666412888084,-0.6692141789459447,0.202056444665768,0.202056444665768,-0.1101987361436339,0.048203363522088774,-0.6590871931429995,-0.25488892397784324,0.11578343605604893,-0.1397264950688491,0.2403342337661305,-0.11144952837727687,0.3829575412688944,0.23798504737899862,-0.4321345763616222,0.3869033952696873,-0.45687691747915726,-0.27735516886116895,-0.04654241209356591,-0.20009276567136386,-0.43813406965527857,-0.7706246147168329,0.47711189482600813,-0.06423052045240146,-0.5895616872016539,-0.6887546076940869,-0.0811208006937019,0.3958871384150431,0.2957856928510195,-0.5040824462408019,-0.46092769662326694,-0.5040824462408019,0.5099117696497282,-0.43421101767834147,-0.011873888105822378,-0.10941389270256006,0.0690925777929769,-0.05440019542895333,-0.22584835193692787,-0.3260718378511101,-0.30301253365079295,0.09842388309757585,-0.8008842538954689,0.15546707939707752,-0.19310470328473042,-0.19310470328473042,-0.2672791066111917,-0.49343295948484367,-0.03130572849381519,-0.67586994653029,-0.8573750004245129,0.30835031429836884,-0.6709793444451292,-0.3560480246205936,-0.1670112931430675,-0.715754928437381,-0.5510901743427956,0.22532788235475756,-0.6952351356968509,0.5006979170585864,0.30559599106216584,-0.6009150215030585,-0.37311312947811504,-0.23496513444204808,0.11196400592655184,-0.040933717472111435,-0.5755654608288627,-0.6182655663716583,-0.2555020148622338,-0.2234139688350929,0.09341781954034889,0.2735956811789307,0.15688227448939734,0.10283027541461262,-0.2755717777522655,0.1050230211023335,-0.522684592182125,0.4576724309887404,0.4173157184489579,0.13769611526085182,-0.008458261048889915,0.32754090785425916,-0.6620779364620979,-0.6620779364620979,-0.16370599790548254,-0.12528097271067062,-0.2451750874855459,-0.5509914334178749,0.1399759162175124,-0.04599617294762117,-0.04599617294762117,-0.691515985576869,-0.16600637393973722,0.056269105994653394,-0.8507265302956502,-0.41901119775115536,-0.22065560974662438
